dateTime,authorName,Message
21/1/2025 12:33,HookHuukGaming,📌ช่องทางการสมัคร Member นะคับ :https://www.youtube.com/channel/UClns...
21/1/2025 12:37,わんこJDS,เนื้อเรื่องลุงจะกลายเป็น 3 มั้ย? มัน 10 กว่าชมเลยนะลุง...:_HHConfuse:
21/1/2025 12:40,N E W,:hand-pink-waving: :hand-pink-waving: :hand-pink-waving:
21/1/2025 12:41,Jaiza,:_HHHi: :_HHHi: :_HHHi:
21/1/2025 12:43,Azuma,ครอบครัวก็มา งานก็เยอะ เหนื่อยเเทนลุง สู้ๆครับ
21/1/2025 12:50,ehetenandayo,:_HHShocked: :_HHShocked:
21/1/2025 12:57,N E W,ไหๆไอพี่
21/1/2025 13:04,Eastinn,:_HHHi:
21/1/2025 13:06,Peerada Prommin,:_HHHi: :_HHHi: :_HHHi:
21/1/2025 13:16,Day,:hand-pink-waving: :hand-pink-waving:
21/1/2025 13:33,LeOOZ l_l,เนื้อเรื่อง2ไลฟ์? เนื้อเรื่องมันยาวมากเลยนะ
21/1/2025 13:33,LeOOZ l_l,:_HHHi: :_HHHi: :_HHHi:
21/1/2025 13:34,RakZlept - รักหลับ,แวะมาให้กำลังใจนะมรึง กรูอยู่ที่เดิมแหละ มีอะไรให้ช่วยบอกได้เลย
21/1/2025 13:35,BunnyMint,:_HHHi: :_HHHi:
21/1/2025 13:37,Toujours Blackrose,เนื้อเรื่องสิบชั่วโมงเลยนะลุง 2 ไลฟ์ไหวเหรอคะ จะยาวไปไหม
21/1/2025 13:38,Einzeln Qualia,เนื้อเรื่องคนอื่น 10 ชม. ลุงเล่นคง 1 วัน 🤣🤣🤣
21/1/2025 13:39,Einzeln Qualia,หลงทาง + เม้ามอย ปาไปอีก 10 🤣🤣
21/1/2025 13:45,aon,AS รอบนี้ Auto เกือบไม่รอดแต่ยังถือง่ายกว่า MOC
21/1/2025 13:49,เน้ด จากสมาคมคนรักน้องหวาน,ไหไหค่า
21/1/2025 13:50,เน้ด จากสมาคมคนรักน้องหวาน,รู้นึกว่าไม่ได้มานานมาก
21/1/2025 13:50,กเฬวราก,ขิงผมออโต้ไม่ผ่านอะ ต้องเล่นเอง สายติดเตียงท้อแท้มาก
21/1/2025 13:54,zatokung,ถ้า 2 part นี่ต่ำๆ part ละ 6 ชม สำหรับลุงเลยนะ
21/1/2025 14:00,HellHex,มาแว้ว
21/1/2025 14:00,reaper,ตื่นมาดูแล้วครับ
21/1/2025 14:00,Eastinn,:_HHHi: :_HHHi:
21/1/2025 14:00,เก๊กฮวย หน้าปากซอย,:person-turqouise-waving:
21/1/2025 14:00,น้องก๊อต Got,สวัสดีครับ
21/1/2025 14:01,DIW thanaphat,ข้าวอร่อยไหมพี่
21/1/2025 14:01,Lugh- Sama,:_HHHi: :_HHHi:
21/1/2025 14:01,TOEY Natthawut,มาแว้วววว
21/1/2025 14:01,Worachat Singtothong,Sawasdeekub lookpee hook
21/1/2025 14:01,:3,หวัดดีสุดหล่อ
21/1/2025 14:01,OAT TI,เป็นกำลังใจให้ลุงครับ
21/1/2025 14:01,MisterGe,สวัสดีคับลุง 
21/1/2025 14:01,SaoI-KuMoo.,สวัสดีค่าลุงงง
21/1/2025 14:01,reaper,ป่าวครับไม่พักมาเฉยๆ
21/1/2025 14:01,artbynobi,ลุง ไม่ได้ดูนานตอนนี้ 4ดาวยังผ่านดาวเต็มได้อยู่มั้ยครับ
21/1/2025 14:01,-𝒘𝒂𝒏-,หวัดดีงับลุง
21/1/2025 14:01,Sofut,ไม่อยากกดท่านเฮอต้า ห้องแรกเล่นยังไงก็ไม่ได้ 3000+ T^T
21/1/2025 14:01,Itsuki'san,ดีครับพี่ลุงน้าอาตาฮุก
21/1/2025 14:01,Nanatsuji Chihiro,อยากกินเป็ดพะโล้ตรุษจีนทำไงดีครับลุง
21/1/2025 14:02,Festriz,เบื้องหลัง 4 ดาวล้วนมัน
21/1/2025 14:02,Festriz,ทรหด
21/1/2025 14:02,khachen,ช่วงนี้เห็น content 4 ดาวน้อยมากครับ
21/1/2025 14:02,MisterGe,รอใช้ทีมตามลุงคับ 
21/1/2025 14:02,Mu ver,ลุงงง 24นี้ ลุงต้องชนะะะะะะ
21/1/2025 14:02,DIW thanaphat,หลุดเรท
21/1/2025 14:02,Palm,ลุงขอถามนอกเกมได้ไหม จะมีคลิป astar yao ไหมครับ อยากรู้แค่ว่าลุงจะให้ เปิดเหอะ หรือ เปิดมั้ยนะ
21/1/2025 14:02,Tar,หลุดๆๆๆ
21/1/2025 14:02,:3,เพลงหลอนกับ AS 
21/1/2025 14:02,sticker,เปิดเลยๆๆๆ
21/1/2025 14:02,Eastinn,:_HHLostHand: :_HHLostHand:
21/1/2025 14:02,Meiwah,ดีงับ
21/1/2025 14:02,SIEG,ดีงับบบ
21/1/2025 14:02,kurumi,4ดาวล้วนยากหน่อยหรือแทบเป็นไปไม่ได้ในรอบนี้
21/1/2025 14:02,Lugh- Sama,จะ:_HHGoldHand:หรือ:_HHLostHand:
21/1/2025 14:02,Boat Kozeki♦️,:chillwcat:
21/1/2025 14:03,khachen,สำหรับผม ผมคงเปิด robin E1 เลยครับ
21/1/2025 14:03,DIW thanaphat,ของอัพละพี่
21/1/2025 14:03,เน้ด จากสมาคมคนรักน้องหวาน,กาชาาาาา
21/1/2025 14:03,saintmikael X,เข้มๆ
21/1/2025 14:03,น้องก๊อต Got,แปลกๆ
21/1/2025 14:03,Venzellist,ทองแล้วแหละ
21/1/2025 14:03,N4CK ʕ•ᴥ•ʔ,sleep มาดิ้
21/1/2025 14:03,aon,เกลือ
21/1/2025 14:03,punyawat,สบายๆ
21/1/2025 14:03,เน้ด จากสมาคมคนรักน้องหวาน,ว้า
21/1/2025 14:03,:3,NOWAY
21/1/2025 14:03,Lugh- Sama,:_HHGoldHand:วะ
21/1/2025 14:03,LeOOZ l_l,:_HHGoldHand:
21/1/2025 14:03,N3W,ทำไมไมีมี lc แล้วอาการหนักหรอคับ
21/1/2025 14:03,:3,yeahhh
21/1/2025 14:03,โม่ ชาแนล eiei,ดีคับ
21/1/2025 14:03,Eastinn,:_HHGoldHand: :_HHGoldHand:
21/1/2025 14:03,Tar,เนื้อเรื่องลุงเล่นวันไหนครับ
21/1/2025 14:03,Tle_How,เลขสวย
21/1/2025 14:03,Lovely Child.,ดีจ้า
21/1/2025 14:03,Festriz,69 ก็ปกติ
21/1/2025 14:04,Neo DarkSaber,69 :_HHHmmm:
21/1/2025 14:04,:3,69 สวย เปิดต่อได้อีกใบ
21/1/2025 14:04,Mina Yuu,:hand-pink-waving: :hand-pink-waving:
21/1/2025 14:04,เน้ด จากสมาคมคนรักน้องหวาน,เอาของอัปเทรซมาแบ่งหน่อยลุง
21/1/2025 14:04,Sakura ;-;,ได้อาวุธของคลอรีนมาแต่ไม่มีคลอรีนใส่ให้ตัวไหนได้บ้างคะะ
21/1/2025 14:04,เน้ด จากสมาคมคนรักน้องหวาน,จนกรอบมาก
21/1/2025 14:04,Noah.P,ชิชิ
21/1/2025 14:04,น้องก๊อต Got,มีเหลือๆล้นๆ
21/1/2025 14:04,F I L M E's,สวัสดีค่าา
21/1/2025 14:05,NeferPitou,สวัสดีค่ะ
21/1/2025 14:05,เน้ด จากสมาคมคนรักน้องหวาน,ใช้ได้ แบบใช้ไปก่อนน่ะนะ
21/1/2025 14:05,น้องก๊อต Got,5555
21/1/2025 14:05,Neo DarkSaber,คลอรินไมไ่ด้ใช้อาวุธเป็นสีหรอครับ ดินสอสีคอลีนนนน
21/1/2025 14:05,DIW thanaphat,เดี่ยวรู้ครับ
21/1/2025 14:05,saintmikael X,นั่นสินะ ทำอะไร
21/1/2025 14:05,เน้ด จากสมาคมคนรักน้องหวาน,แต่ผมไม่รู้สึกว่าเป็น bis ของใครเลย
21/1/2025 14:05,Red April,ห้องบน yunli มันมากคับลุง
21/1/2025 14:05,Festriz,ครับ
21/1/2025 14:05,Family​Man,บัพครั้งนี้ไม่อวยปัญญาเท่าไหร่เลยยยย
21/1/2025 14:05,zatokung,ขาย
21/1/2025 14:05,Saltines,นั่นสิ ต้านสถานะอะไรกันนะ
21/1/2025 14:05,LeOOZ l_l,ด้วงม่วง มีดีบัพccนะ
21/1/2025 14:05,AluviZ,ฝากเก็บดาวสุดท้ายหน่อยได้ไหมจั๊ฟ
21/1/2025 14:05,Kisznap,ดูบัพห้องแมลงสิครับ55555
21/1/2025 14:05,reaper,รอดูทีมครับเล่นไม่ผ่าน
21/1/2025 14:05,เน้ด จากสมาคมคนรักน้องหวาน,เด็กสมัยนี้ยังใช้สีคลอรีนอยู่ไหม
21/1/2025 14:05,zatokung,Yunli ได้อยุ่ ผมเล่นผ่าน
21/1/2025 14:05,CAlVlP,ห้องบนเบิ้มๆ
21/1/2025 14:06,Nine Anine,รอบนี้ห้องแรกผมได้3315ห้อง2 ได้ 3305
21/1/2025 14:06,Surtr,ปัญญาลง as มีจริง
21/1/2025 14:06,Gwynnevere,ห้องบนใช้เรโช พอถูไถ 3400 ได้อยู่ 5555 
21/1/2025 14:06,กเฬวราก,หยุนลี่ผมจบที่คะแนนเหลือ 800อะ
21/1/2025 14:06,Carry man,ห้องบนบังคับเฮอต้ามากไหมคับ
21/1/2025 14:06,saintmikael X,ยุนรี่ถ้าไม่มีปจตยากอะ ลุ้นมอนจัด
21/1/2025 14:06,Lugh- Sama,ห้องบนผมเอาโยมิไปฟ้นยับๆ
21/1/2025 14:06,FaithFortune1369,ํีืYunli ห้องล่างต้องเเบกนิดนึง
21/1/2025 14:06,เน้ด จากสมาคมคนรักน้องหวาน,ผมบนบฮ เอาดิ (ไม่ได้เล่นเอง :_HHlol:)
21/1/2025 14:06,MisterGe,มอน ธาตุ น้ำแข็ง กับ ควอนตัม รู้เลยว่าขาย ตัวอะไร 5555
21/1/2025 14:06,Celestz,แล้วขึ้นเลยไม่เล่นเนื้อเรื่องเอา Rmc ก่อนด้วย
21/1/2025 14:06,Tar,ผมเล่นYunliได้3200
21/1/2025 14:06,zatokung,แต่กดยากนะ yunli แถมมอนมันตีติดสถานะบ่อย
21/1/2025 14:06,อลงกรณ์,หยุนหลี่ ไม่มี lc มอน ไปเล็ง ข้างๆ อย่างเดียว 555
21/1/2025 14:06,YORU,ผมข้างบน yomi ล่าง ff ก็จบ 12 ดาวได้นะ
21/1/2025 14:06,Kanashi_Rose,ซื้อเมาส์ใหม่ได้ยัง55555
21/1/2025 14:06,Nanatsuji Chihiro,ห้องล่างผมใช้จ้าวยล แบกตลอดไป----
21/1/2025 14:06,Chakkapat_,เหมย
21/1/2025 14:06,Neo DarkSaber,ซันเด
21/1/2025 14:06,ZanS,sunday
21/1/2025 14:06,Celestz,Sunday ไป
21/1/2025 14:06,Accel _C,ซัน
21/1/2025 14:06,Mikaki,Robin 
21/1/2025 14:06,CAlVlP,อย่าลืมดูของนะลุง
21/1/2025 14:06,Dauphine,ซันเดย์
21/1/2025 14:06,SuGus,Sunday
21/1/2025 14:06,Mikaki,or Asta
21/1/2025 14:06,Lugh- Sama,คงต้องเหมยมะ
21/1/2025 14:07,Surtr,Sunny
21/1/2025 14:07,aon,ผู้บุกเบิก
21/1/2025 14:07,Joker WT,sunday
21/1/2025 14:07,Go Go,sunday
21/1/2025 14:07,น้องก๊อต Got,ทางนี้เล่นอาเจนติไฮเปอร์แครี่ได้อยู่ครับห้องบน 3400 แต้ม
21/1/2025 14:07,Nine Anine,น้องหัวๆ
21/1/2025 14:07,Natchanon Tree,sunday
21/1/2025 14:07,:3,happy happy happy
21/1/2025 14:07,Jaiza,เปร่ามะ
21/1/2025 14:07,Toujours Blackrose,ซันเดย์
21/1/2025 14:07,14T,Sunday มันมากครับ
21/1/2025 14:07,MinG,ruan mei aven
21/1/2025 14:07,sixnon,เหมย
21/1/2025 14:07,lc_petch,sunny
21/1/2025 14:07,Tanawich,ซันนี่
21/1/2025 14:07,เน้ด จากสมาคมคนรักน้องหวาน,ใส่ใจ
21/1/2025 14:07,LeOOZ l_l,ห้องบนโยมิแฮปปี้มีลมีเจียวชิวเล่นได้ แมลงเกิด มีบัพสนามหมาล่า ปั๊มสแตคอาเครอนชั้นเยี่ยม
21/1/2025 14:07,artbynobi,ผมใส่หัวหัวกับหม้อไฟ
21/1/2025 14:07,zatokung,ก็เฮอต้า 4 ดาว
21/1/2025 14:07,LeOOZ l_l,เหมยมั้ย
21/1/2025 14:07,saintmikael X,อเวนไม่ห้องล่างหรอ
21/1/2025 14:07,Lemon,Sunday
21/1/2025 14:07,HellHex,โรบิน
21/1/2025 14:07,Neo DarkSaber,ดูบัพห้องบนสิ 5555555555555
21/1/2025 14:07,Ticha viri,เหมยคู่ท่านเฮอ!!
21/1/2025 14:07,เน้ด จากสมาคมคนรักน้องหวาน,ขายแบบตะโกน
21/1/2025 14:07,MMexxn.,อวยสุดๆ
21/1/2025 14:07,น้องก๊อต Got,บัฟอวยมากๆๆ
21/1/2025 14:07,Toujours Blackrose,ไม่ใช้ฮัวๆเหรอคะ 
21/1/2025 14:07,MisterGe,55555
21/1/2025 14:07,[Wang Shao],อวยขี้แตก
21/1/2025 14:07,Yukito,เดี๋ยว โล่หมดไว
21/1/2025 14:07,pandaInDy,แทบจะป้อนเข้าปาก 555
21/1/2025 14:07,Kisznap,โคตรอวยครับ
21/1/2025 14:07,Mina Yuu,55555
21/1/2025 14:07,MinG,มอนล้มเร็วแล้วจะได้พลังงานเต็ม
21/1/2025 14:07,Kisznap,สมกับเป็นท่านเฮอร์ต้า
21/1/2025 14:08,panini,สวัสดีค่ะ
21/1/2025 14:08,Toujours Blackrose,อเวนไม่ใช้กับเฟยเซียวเหรอคะ
21/1/2025 14:08,Einzeln Qualia,อวยมิดเลย 
21/1/2025 14:08,:3,โครตขายเลย
21/1/2025 14:08,Surtr,Mei เผื่อคนอื่นเล่นห้องล่าง break
21/1/2025 14:08,biogolf,Lingsha
21/1/2025 14:08,Festriz,ห้องล่างเล่นไร
21/1/2025 14:08,Neo DarkSaber,lingsha
21/1/2025 14:08,ZanS,lingsha
21/1/2025 14:08,zatokung,ห้องล่าง FF แบบไม่ใส่ฮีล ผ่านสบาย 3700
21/1/2025 14:08,Neo DarkSaber,หลิงชาล่าง
21/1/2025 14:08,LeOOZ l_l,หลิงช่า
21/1/2025 14:08,クラインテイト,ลุงง รีลิคซันเด
21/1/2025 14:08,BB BOY,เมาส์ลุงเบิ้ลไม่หยุด
21/1/2025 14:08,Azuma,นายพลห้องล่าง เก่งน่ะ
21/1/2025 14:08,Kurēpu,:_HHlol:
21/1/2025 14:08,マヨネーズ (มะยังภันเต) mayonnaise,:_HHlol: :_HHlol:
21/1/2025 14:08,saintmikael X,ชิส์ ไม่สนุกเลยอเวนอยู่บน
21/1/2025 14:08,Neo DarkSaber,Weltcome to my world
21/1/2025 14:08,LeOOZ l_l,55555
21/1/2025 14:08,Copter,อะไรนะweltcome
21/1/2025 14:08,panini,ลุงไปทำไรมา
21/1/2025 14:08,lc_petch,welt come
21/1/2025 14:08,Tanawich,555
21/1/2025 14:08,Toujours Blackrose,นายพลห้องล่างเดือดอยู่
21/1/2025 14:08,Kanashi_Rose,Weltcome to my world
21/1/2025 14:09,Lugh- Sama,เฟ่ยบัพล่าง
21/1/2025 14:09,Neo DarkSaber,บัพล่างไง
21/1/2025 14:09,Neo DarkSaber,อัลติ
21/1/2025 14:09,aon,บัพล่างสุด
21/1/2025 14:09,Lemon,ล่าง
21/1/2025 14:09,เน้ด จากสมาคมคนรักน้องหวาน,อันล่างงาย
21/1/2025 14:09,Accel _C,ผมเล่นแรปป้าอะ ห้องล่าง
21/1/2025 14:09,Toujours Blackrose,บัพท่าไม้ตายนายพลได้อยู่
21/1/2025 14:09,R2C,บนไหวหรอลงโล่หมดนะนั่นหลวงดึงตัวเองดึงโล่จะฟมดนะนั่น
21/1/2025 14:09,:3,บน debuff เยอะครับ ไม่มีล้างบัฟเเย่ลย aven op 
21/1/2025 14:09,Azuma,ล่าง
21/1/2025 14:09,Mikaki,shv
21/1/2025 14:09,Neo DarkSaber,แต่อีกตัวเป็นมีนาน่าจะดูดีกว่าโทปาส
21/1/2025 14:09,Mikaki,ห้องล่างใช้เจ้ายลไหม 
21/1/2025 14:09,Narapat Palawatchai,อาเชรอน
21/1/2025 14:09,Toujours Blackrose,แต่แค่นี้ก็เดือดแล้ว เพราะมีคืนท่าไม้ตาย เฟยเซียวยิ้มหวาน
21/1/2025 14:09,[Wang Shao],ตู้เฮอต้าผมหลุดได้เว้ล มากดLCก็หลุดได้Lcเว้ล นึกว่าตู้เว้ลเรทอัพ
21/1/2025 14:09,อั๋น-เอว-อ่อน,อาลานกับโยมิใครเก่งกว่าครับ
21/1/2025 14:09,Tar,:face-blue-smiling: :face-blue-smiling: :face-blue-smiling: :face-blue-smiling:
21/1/2025 14:09,Neo DarkSaber,ผมว่ารอบนี้มีนาดูดีกว่าโทปาสเพราะเรื่องบัพ
21/1/2025 14:09,_MikuKK_,เมาส์ลุงเบิ้ลบ่อยมาก
21/1/2025 14:10,Boss,ลองไม่ใส่ดูลุง สนุก 555555
21/1/2025 14:10,Venzellist,5555555555555555555555
21/1/2025 14:10,panini,ไม่จริง
21/1/2025 14:10,Boat Kozeki♦️,:face-fuchsia-tongue-out:
21/1/2025 14:10,Celestz,ว๊าย กระจอก
21/1/2025 14:10,zatokung,ห้องบนไม่มีอเวนนี่อย่างมันส์ 555
21/1/2025 14:10,panini,กรี๊ดดดด
21/1/2025 14:10,R2C,โล่บนไม่ไหวมั่งโล่จะหมดตังเองดึงซันดึง
21/1/2025 14:10,panini,ไม่ไหวเหมือนกัน
21/1/2025 14:10,เน้ด จากสมาคมคนรักน้องหวาน,ถึงปนนจะกาจอกแต่ผมก็รักนะ
21/1/2025 14:10,Tar,:cat-orange-whistling:
21/1/2025 14:10,Venzellist,ผมพึงสั่งเม้าส์ไปเมื่อวัน พฤหัสที่แล้วอะพี่
21/1/2025 14:10,Venzellist,5555
21/1/2025 14:10,sai omachi,:face-blue-smiling: :face-blue-smiling: :face-blue-smiling:
21/1/2025 14:10,Kr1ss,ต้องสั่ง5555
21/1/2025 14:10,Day,55555
21/1/2025 14:10,Azuma,5555555
21/1/2025 14:10,Mokoi9L,เรามี i have cpuuuu
21/1/2025 14:10,Itsuki'san,:face-fuchsia-tongue-out: :face-fuchsia-tongue-out: :face-fuchsia-tongue-out:
21/1/2025 14:10,MisterGe,555555
21/1/2025 14:10,Family​Man,สดๆกันตรงนี้เลยยย
21/1/2025 14:10,Nine z ch,Herta ใส่ LC5ดาวที่ร้านตัวเองขายได้ไหมครับ
21/1/2025 14:10,クラインテイト,ถูกกกกกกกกก นี่แหละๆๆๆๆๆๆๆๆ
21/1/2025 14:10,PrinceZ,55555555
21/1/2025 14:10,:3,ห้องบนใส่อเวนจะ คนดูจะหาย
21/1/2025 14:10,Copter,สปอนlogitechเข้าได้นะครับ
21/1/2025 14:10,ZerRene,ผมไปด้วย 2 เบรก ห้องบนล่าง ก็มันอยุ่นะ 55 แต่เหนื่อยยนิดๆ 
21/1/2025 14:10,panini,ผมก็รักคุณเน้ด
21/1/2025 14:10,Lugh- Sama,:_HHlol:
21/1/2025 14:10,เน้ด จากสมาคมคนรักน้องหวาน,:_HHHandsome:
21/1/2025 14:10,Phwin Jatapai,เสียตังค์อีกละ
21/1/2025 14:10,Jk Jakkrit,gpro
21/1/2025 14:11,Toujours Blackrose,สด ๆ กลางสตรีม 5554
21/1/2025 14:11,PrinceZ,อาจจะต้องย้ายค่ายบ้าง 555
21/1/2025 14:11,Megane Kun,มียาปลุกผมด้วย
21/1/2025 14:11,panini,ลุงซื้อให้มั่งดิ
21/1/2025 14:11,Copter,เบิ้ลจัดเลย
21/1/2025 14:11,MELON,เทคโนโลยีกันเมาส์เบิ้ล
21/1/2025 14:11,Itsuki'san,สั่งป๊ป ส่งถึงบ้านทันทีแบบดุดันไม่เกรงใจใคร
21/1/2025 14:11,Yukito,รุ่นที่ถึกทนมากสำหรับผมที่ใช้มา
21/1/2025 14:11,MisterGe,lightforge light weigth มาหมด 5555
21/1/2025 14:11,Venzellist,G502 
21/1/2025 14:11,Surtr,Optical เขาว่าเบิ้ลยาก
21/1/2025 14:11,Copter,อะไรนัน่
21/1/2025 14:11,HoriZSuN Zep,55555
21/1/2025 14:11,LeOOZ l_l,5555
21/1/2025 14:11,เน้ด จากสมาคมคนรักน้องหวาน,Uiiaiuiiiai
21/1/2025 14:11,Tar,แมวหมุนๆ
21/1/2025 14:11,reaper,Super Chat พี่ได้เงินเต็มไหมครับ
21/1/2025 14:11,LeOOZ l_l,มีมแมวหมุน5555
21/1/2025 14:12,Itsuki'san,Meme แมวหมุน:face-blue-smiling:
21/1/2025 14:12,Madsix,55
21/1/2025 14:12,R2C,ลุงบนโล่หมดนะบอกก่อน
21/1/2025 14:12,Copter,ในหน้าร้านออนไลน์น่าจะมีให้เห็นละมั้ง
21/1/2025 14:12,panini,ลุงสปอนแชทหน่อย
21/1/2025 14:12,Copter,อันนี้อายุไม่ถึงปีนะครับ
21/1/2025 14:12,MinG,ระบม555+
21/1/2025 14:12,MisterGe,ใช้ คุ้ม ฝุดๆ
21/1/2025 14:12,Festriz,Mouse mechanical เลยเล่นโหดไง เอ้อว 
21/1/2025 14:12,Surtr,นิ้วโป้งลอกนี้เป็นทุกอัน logi
21/1/2025 14:12,Venzellist,ใช่จนคุ้ม
21/1/2025 14:12,Celestz,สภาพผมแย่กว่าลุงอีก แต่ 4 ปีละ ยังไม่เบิ้ล
21/1/2025 14:12,panini,เซเลสสปอนลุงหน่อย
21/1/2025 14:12,Venzellist,Superlight เลยมั้ยพี่
21/1/2025 14:13,Festriz,G504 น่าสนใจ
21/1/2025 14:13,Itsuki'san,555
21/1/2025 14:13,HoriZSuN Zep,เวลบุกเบิก 40 เริ่มฟาร์ม ริริกได้ยังคับ เริ่มได้ทองแล้ว
21/1/2025 14:13,เน้ด จากสมาคมคนรักน้องหวาน,บะหมี่สี่ชามเปล่า
21/1/2025 14:13,บี๋,5555
21/1/2025 14:13,Surtr,G502 ใหญ่สุด line up ปัจจุบัน
21/1/2025 14:13,ExxPREssO,จะซื้อเมาส์ใหม่หรอคับลุง
21/1/2025 14:13,เน้ด จากสมาคมคนรักน้องหวาน,ฟามได้ค่ะ แต่อย่าเพิ่งแลกขวด
21/1/2025 14:13,Festriz,G502 Pro Max
21/1/2025 14:13,MELON,รุ่นท็อปเสริม rgb
21/1/2025 14:13,เน้ด จากสมาคมคนรักน้องหวาน,เน้นเทรซกับเวลก่อน
21/1/2025 14:13,Napat Winyarat,ปุ่มเพิ่ม/ลดdpiถ้าไม่ไแ้เปลี่ยนก็เอาไปเปลี่ยนเป็นปุ่มมาโครได้นะครับ
21/1/2025 14:14,Festriz,Rgb ดียังไงครัฟ
21/1/2025 14:14,Celestz,ฟามแค่ออฟหลักพอใช้พอครับ 
21/1/2025 14:14,Natsushi629 Ch.,ไหนๆ ใครอยาดไแ้เมาส์ใหม่นะ
21/1/2025 14:14,Festriz,แสบตา
21/1/2025 14:14,MisterGe,สาย RGB vs ฝ่ามือ 555
21/1/2025 14:14,Neko MGD,robin E1 กับ lingsha E1 เลือกใครดีครับ
21/1/2025 14:14,Mina 🐧💙,ถือว่าทนมาได้นานมากๆ 555555
21/1/2025 14:14,Festriz,อุอิอิอาอิอุอิอาอิ
21/1/2025 14:15,Abyss,สวัสดีครับลุง
21/1/2025 14:15,[Wang Shao],ต้องใหญ่ๆนูนๆเหมาะกะคนมือใหญ่แบบเราๆ ใช้แบบแบนแล้วเมื่อยมือมาก
21/1/2025 14:15,Festriz,มุกไรวะ
21/1/2025 14:15,เน้ด จากสมาคมคนรักน้องหวาน,I wanna be uiiaa uaui uiiaa
21/1/2025 14:15,Festriz,ใครขำ กุถาม
21/1/2025 14:15,MI KE,ใครเล่นมุกไรนะ
21/1/2025 14:15,KamiA,:face-red-droopy-eyes:
21/1/2025 14:15,Trashblazers,Lingsha ใส่ LC Imbibitor Lunae หรือ Acheron ดีครับ?
21/1/2025 14:15,PrinceZ,55
21/1/2025 14:15,SPITEKUNG,ผมสลับใช้รองเท้าเอา 5555
21/1/2025 14:15,Tar,:face-blue-smiling: :face-blue-smiling: :face-blue-smiling:
21/1/2025 14:15,Itsuki'san,:face-orange-raised-eyebrow:
21/1/2025 14:16,saintmikael X,หนักละคลิกสาม
21/1/2025 14:16,เน้ด จากสมาคมคนรักน้องหวาน,:_HHAngry: :_HHAngry: :_HHAngry:
21/1/2025 14:16,Celestz,เรียกเลม่อนมาขิงทับเลย 100 โรล
21/1/2025 14:16,Worachat Singtothong,Lc topazz
21/1/2025 14:16,panini,หาคนยิงเมมให้สิ
21/1/2025 14:17,Boss,ลุงไม่ลองถอดอเวนหรอครับ
21/1/2025 14:17,_MikuKK_,lc topaz
21/1/2025 14:17,Lugh- Sama,โทปาสไม่มีlcปะ
21/1/2025 14:17,NonNaNat,แตกโทพาสไม่ใส่ LC
21/1/2025 14:17,_MikuKK_,!!!!
21/1/2025 14:17,NUENG,lc ลุง
21/1/2025 14:17,เน้ด จากสมาคมคนรักน้องหวาน,หาคนยิงเพชรดีกว่า
21/1/2025 14:17,ไม่ใช่ขนตา ไม่มีสิทธิ์​งอน,โดเนท 50 เพื่อมาขอตัง 50 เพื่อมาสมัครเมม .....
21/1/2025 14:17,saintmikael X,เซ็งเบย อเวนบน
21/1/2025 14:17,MisterGe,55555
21/1/2025 14:17,Madsix,5555
21/1/2025 14:17,LeOOZ l_l,โทปาสไร้LC
21/1/2025 14:17,Anon TV,ดีจัฟ
21/1/2025 14:17,Itsuki'san,ลุงลองกดที่ตัวละครแอ็กชั่นหน่อยครับ:face-blue-smiling:
21/1/2025 14:17,Vivo Vivo,lcลุง
21/1/2025 14:17,Celestz,เงียบไว้แชท
21/1/2025 14:17,Apslazh,ว้ายยย ถูกต้อง
21/1/2025 14:17,panini,พวกสาววาย
21/1/2025 14:17,Ajax Ch.,🫣
21/1/2025 14:17,[Wang Shao],เรือแรงเนาะ
21/1/2025 14:17,Yai,หวัดดีฮับลุง
21/1/2025 14:17,วิริทธิ์พล เอื้อศุภคุณาพร,Click
21/1/2025 14:17,Lugh- Sama,lc topaz
21/1/2025 14:17,Festriz,อุด้งอร่อย
21/1/2025 14:17,Worachat Singtothong,แต่ด่าน3ชิลอยุ่ละ
21/1/2025 14:17,Celestz,จุ๊ๆ
21/1/2025 14:17,น้องก๊อต Got,เรือลำเดียวกัน
21/1/2025 14:17,Prozitive,ต้าเหมายนะ
21/1/2025 14:17,saintmikael X,จุ๊ๆ
21/1/2025 14:17,wakaranai,ลุงขี้ชิปอ่า 55555
21/1/2025 14:17,l3lack,5555555 ยังไม่รู้ตัวจริงๆ
21/1/2025 14:17,Yai,เรือแรงมากด้วย555
21/1/2025 14:17,[Wang Shao],ต้องถามแล้วว่าh m หรือmh
21/1/2025 14:17,เน้ด จากสมาคมคนรักน้องหวาน,ว้าย สว.
21/1/2025 14:17,Snow_Y2uLight,เราไม่ต้องตั้งเรือก็ได้มั้งลุง เขาขึ้นฝั่งไปแล้วอ่ะคู่นั้น
21/1/2025 14:17,Kanashi_Rose,เรือแล่นแรงมาก
21/1/2025 14:17,Itsuki'san,ลุงลองกดที่ตัวละครแอ็กชั่นหน่อยครับ:face-blue-smiling:
21/1/2025 14:18,เน้ด จากสมาคมคนรักน้องหวาน,สาววาย? ไม่ สูงวัย
21/1/2025 14:18,kurumi,เรือแรงลำนี้
21/1/2025 14:18,R2C,รอดูลุงร้องโล่หมด
21/1/2025 14:18,"Huohuo, no1 fc",Apocalyptic รอบนี้ผมว่าไม่เอื้อ Archeron เลย
21/1/2025 14:18,Megane Kun,ตั้งทำไม ไม่ใช่มันแล่นไปแล้วหรอ
21/1/2025 14:18,Dust Mill,ก็เขาแฟนกันนน
21/1/2025 14:18,เน้ด จากสมาคมคนรักน้องหวาน,กร๊าก
21/1/2025 14:18,วิริทธิ์พล เอื้อศุภคุณาพร,ลุงลืมไรปะ
21/1/2025 14:18,NonNaNat,ป๊อปคอนนั่งจกรอแล้วฮะ
21/1/2025 14:18,Lin Lin,ครึ่งแรก ไม่มี the herta กับ rappa ยากเอาเรื่องเลย = =
21/1/2025 14:18,Man ser,เรือนี้เขาแล่นไปไกลแล้วลุงตามมา
21/1/2025 14:18,l3lack,มีคน ลืมแน่ๆ
21/1/2025 14:18,Neo DarkSaber,"@Huohuo, no1 fc มันบนได้นะ อาศัยปาดลูกด้วงเอา"
21/1/2025 14:18,OhShin,Welcome New Member!
21/1/2025 14:18,l3lack,ดูเหมือนจะไม่รู้ตัวจริงๅ
21/1/2025 14:18,zatokung,ง่ายเลยลูกมันระเบิดหมด
21/1/2025 14:18,saintmikael X,ชิวจัดเลย ทีมขาย
21/1/2025 14:18,Janeiro,รอดู ความบันเทิง 🍿🍿🍿
21/1/2025 14:18,Mahiro,ลุงtopaz
21/1/2025 14:18,MisterGe,55555
21/1/2025 14:19,[HSR] Yokai,ห้องล่างเล่น Archeron ได้อยู่นะเพราะรอบที่แล้วอวยจัด
21/1/2025 14:19,[Wang Shao],เกิดมากำจัดแมลง55555
21/1/2025 14:19,Yai,อวยจริง55555
21/1/2025 14:19,Arikato kosaimus,เกิดมาเพื่อทำลายสิ่งที่เหมยสร้างไว้555
21/1/2025 14:19,Nuttapoom Vongthaiwan,ทําลายล้างแบบจริงจังและจริงใจ >_<
21/1/2025 14:19,Itsuki'san,ลุงลองกดที่ตัวละครแอ็กชั่นหน่อยครับ:face-blue-smiling:
21/1/2025 14:19,saintmikael X,บัฟแดเมชอีก 60 เปอ
21/1/2025 14:19,Celestz,ใจเยน นี่ห้อง 3
21/1/2025 14:19,Kanashi_Rose,จุ๊กันไว้ดีกว่าแชท5555
21/1/2025 14:19,NonNaNat,ห้องล่างฮัวฮัวฟาดทีละ2แสนครับ เล่นทีมดอท
21/1/2025 14:19,Toujours Blackrose,อย่างอวยเลย 5555
21/1/2025 14:19,Jao_Hriend,วัท ดาเมจอะไรเนี่ย
21/1/2025 14:19,Yai,1855จบ1เฟส5555
21/1/2025 14:19,Venzellist,ห้อง 3 
21/1/2025 14:19,NATO​ WORD​,การบ้านเยอะมาก ถือว่ากลับมาไวมากครับพี่
21/1/2025 14:19,Hzz Wk,ขอทีม the herta + 3 ตัว สำหรับสายประหยัดหน่อยครับ
21/1/2025 14:19,Janeiro,ห้องครึ่งหลัง รอดูความบันเทิงได้เลยแชท🍿🍿🍿🍿
21/1/2025 14:19,Naji,รวนเหมยสร้างแมลงเฮอต้ากำจัดแมลงค่ะ เหมาะสม
21/1/2025 14:19,Venzellist,นัทสึชิขายเม้าส์
21/1/2025 14:20,Venzellist,5555
21/1/2025 14:20,Win,อวยแบบน่าเกลียดเลยรอบนี้
21/1/2025 14:20,Natsushi629 Ch.,55555
21/1/2025 14:20,saintmikael X,อ่อห้องสามเอง รอห้องสี่
21/1/2025 14:20,PrinceZ,555555
21/1/2025 14:20,Hara,55555
21/1/2025 14:20,2ect,pwc
21/1/2025 14:20,Neo DarkSaber,pure fiction hardcore
21/1/2025 14:20,Boat Kozeki♦️,:face-fuchsia-tongue-out:
21/1/2025 14:20,Pai Kitt,Apocalyptics Fiction
21/1/2025 14:20,tarminz,แอดครับ อยากสอบถาม stat ที่ The Herta ต้องการขั้นต่ำครับแอด 
21/1/2025 14:20,NATO​ WORD​,1500+ ก็พอละ55555
21/1/2025 14:20,LeOOZ l_l,ห้อง3 ห้อง4บอสหนากว่านี้
21/1/2025 14:20,Toujours Blackrose,รอห้องสี่ 555
21/1/2025 14:20,Celestz,พี่โก้สั่งเมาส์ตัวไหนมา อยากซื้อใหม่มั่ง
21/1/2025 14:20,วิริทธิ์พล เอื้อศุภคุณาพร,ลุงลืมไรปะลุง
21/1/2025 14:20,SalmonSuShi,ดับเบิลเฮอต้าหมุนมันเลยห้องนี้
21/1/2025 14:20,Icefrost1,ห้อง 4 เดี๋ยวลุงร้อง โล่อเวนไม่ได้ช่วย เอะอะติดควบคุม
21/1/2025 14:20,Toujours Blackrose,แต่ก็อวยอยู่ดีนะแหละ 555
21/1/2025 14:20,kurumi,อวยใส้แตก
21/1/2025 14:20,BombJR,บริษัทกำจัดแมลง
21/1/2025 14:20,Jao_Hriend,@Naji จริงค่ะ เหมาะสมสุดๆ
21/1/2025 14:20,Snow_Y2uLight,"อ่าว โหมดนี้ไม่ใช่ PF หรอลุง ""มีแต่ตัวขอตีหมู่มาหลายแพทช์ละ"""
21/1/2025 14:20,Megane Kun,แมลง4 หนังชีวิต เลือดจะเยอะไปไหบ
21/1/2025 14:21,MisterGe,Apoca pure shadow คับลุง 555
21/1/2025 14:21,เน้ด จากสมาคมคนรักน้องหวาน,ว้าวววว
21/1/2025 14:21,Shirohime,AS ที่มอนเรียงกัน 5 ตัวตลอด 
21/1/2025 14:21,Prozitive,มันหมดยุค ปัญญา = PF ตอนนี้เค้าอยากขายไรก็เปลี่ยนตามตัว
21/1/2025 14:21,Real F A C E,พี่จะสร้าง AS มาทำไมในเมื่อพี่จะทำให้ล่าสังหารเล่นยากเหมือนเดิมวะคับ55555
21/1/2025 14:21,Tusave โอกาเนะ,บอสอาไร เสกลูกน้องตลอดขนานนี้
21/1/2025 14:21,Moon,ความเร็วของเจตนี่ต้องประมาณเท่าไหร่หรอคับ ถ้าเล่นกับท่านเฮอต้า
21/1/2025 14:21,น้องก๊อต Got,อวยให้รู้ว่าอวยครับ55
21/1/2025 14:21,saintmikael X,อย่าเรียกว่าขาย นี่มันจับยัดเข้าปากกันเลย
21/1/2025 14:21,เน้ด จากสมาคมคนรักน้องหวาน,เป็นล้านเลยอ่อพรี่
21/1/2025 14:21,วิริทธิ์พล เอื้อศุภคุณาพร,Loc
21/1/2025 14:21,Pai Kitt,แมลงที่ Ruanmei สร้างมาเพื่อ Herta เรือยังไม่แล่นอีกหรอ
21/1/2025 14:21,Toujours Blackrose,ก็สมเป็นแพร่พันธุ์ 5555
21/1/2025 14:22,Kanashi_Rose,คอนเท้นต์มา
21/1/2025 14:22,MED JED,ขนาดบัฟยังตั้งใจเอามาขายเฮอต้า
21/1/2025 14:22,Janeiro,🍿🍿🍿🍿
21/1/2025 14:22,NonNaNat,โยมิก็ตบหมดเหมือนนะ
21/1/2025 14:22,Prozitive,แต่ห้องนี้นายพลยังชิว
21/1/2025 14:22,RanMeow,คิดมาแล้ว 555
21/1/2025 14:22,inwza inwza, ไม่ได้ใช้ ปัญญา คนละภาพนะครับ
21/1/2025 14:22,NATO​ WORD​,พรุงนี้ ZZZกี่โมงดีครับ
21/1/2025 14:22,Jirayu,1900
21/1/2025 14:22,นิว new,ลืมไรปะลุง
21/1/2025 14:22,Copter,ไม่แล่นครับ บินไปแล้ว
21/1/2025 14:22,Tusave โอกาเนะ,เรียกว่า คุ้มที่สุ่มเฮอร์ต้ามาแล้วเพทนี้ เล่นได้ทุกโหมด
21/1/2025 14:22,MILIM SOCUTE,โทปาสแปลกๆ
21/1/2025 14:22,14T,Topaz แปลกมะ
21/1/2025 14:22,Non ครับผม,Topaz แปลก
21/1/2025 14:22,l3lack,HP แปลกๆเนอะ🤣🤣
21/1/2025 14:22,Panuwat,โทปาสเลืดด 1900 5555
21/1/2025 14:22,N.N0TE,โทปาสแปกๆ
21/1/2025 14:22,TOP KํUN,เลือดโทปาสแปลกๆ
21/1/2025 14:22,Surtr,Topaz no lc
21/1/2025 14:22,Shiro,topazแปลกๆ
21/1/2025 14:22,iamBM,โทปาส กระดาษ ไปนะ
21/1/2025 14:22,Copter,กาวละ1
21/1/2025 14:22,GATE,ห้องบนไม่มีทานเฮอต้าโครตกระอักเลือดเลยลุง
21/1/2025 14:22,Snow_Y2uLight,"""ชัด"""
21/1/2025 14:22,Kanashi_Rose,5.55556E+12
21/1/2025 14:22,เน้ด จากสมาคมคนรักน้องหวาน,:_HHShocked:
21/1/2025 14:22,Man ser,555555
21/1/2025 14:22,Natsushi629 Ch.,ชื่อร้านคับ
21/1/2025 14:22,Tusave โอกาเนะ,แปลก
21/1/2025 14:22,Kds Vava,555555555
21/1/2025 14:22,Pai Kitt,topaz แก้ผ้า 55555555
21/1/2025 14:22,Mu ver,แปลกจริง 55555
21/1/2025 14:22,MELON,55555
21/1/2025 14:23,Misaki_Haruka,5.55556E+12
21/1/2025 14:23,Copter,ไหนบอกไม่กาว
21/1/2025 14:23,Tar,เลือดโทพาสแปลกๆปะลุง555
21/1/2025 14:23,MI KE,5555555
21/1/2025 14:23,Therese,แปลก
21/1/2025 14:23,Venzellist,555555555555555555
21/1/2025 14:23,Kirito Thas,55555
21/1/2025 14:23,Worachat Singtothong,ห้อง3เองไหวพี่
21/1/2025 14:23,NATO​ WORD​,เริ่มใหม่55555
21/1/2025 14:23,เน้ด จากสมาคมคนรักน้องหวาน,:_HHShocked: :_HHShocked: :_HHShocked:
21/1/2025 14:23,Natsushi629 Ch.,ชื่อร้าน Mouse Innovation
21/1/2025 14:23,saintmikael X,ห้องสามไหวชิวอยู่แล้ว
21/1/2025 14:23,Boss,ห้อง 3 เองลุง ไหว
21/1/2025 14:23,AbsoluteZero,แปลกแต่จริง
21/1/2025 14:23,BombJR,เปิดมาก็กาวละ
21/1/2025 14:23,TAWANAHt,ชัด
21/1/2025 14:23,น้องก๊อต Got,ใช่ครับ
21/1/2025 14:23,CAlVlP,นั่นไง
21/1/2025 14:23,Kanashi_Rose,แชทบอกลุงแล้วนะเรื่องนี้ แต่ลุงไม่เห็น
21/1/2025 14:23,Man ser,ปกตินะแชท ปกติของลุง
21/1/2025 14:23,Venzellist,เฟ่ยเซียวผมแก้ผ้าอยู่แล้ว
21/1/2025 14:23,Snow_Y2uLight,ก็ใช่
21/1/2025 14:23,Prozitive,ห้อง 3 ไม่ยาก
21/1/2025 14:23,bqexe,Welcome New Member!
21/1/2025 14:23,Ice Zaychik,ถ้าจะเเก้ต้องเล่นห้องบนใหม่ 555
21/1/2025 14:23,Arikato kosaimus,ไหนบอกไม่มีหลอนไงลุ้ง!!!
21/1/2025 14:23,NonNaNat,เปลี่ยนของ = สู้ใหม่
21/1/2025 14:23,MinG,ถึงว่าโดนดีดทีเดียวเสียวจะวูป
21/1/2025 14:23,saintmikael X,ไหนว่าไม่กาว
21/1/2025 14:23,Copter,ไหนลุงบอกไม่กาว
21/1/2025 14:23,kurumi,ชิลๆ
21/1/2025 14:23,Lugh- Sama,โดนทีครึ่งหลอด:_HHlol:
21/1/2025 14:23,Worachat Singtothong,หลิงชาฮีลสู้
21/1/2025 14:24,Porpasu Smakit,อุ้ยข้าวหมด
21/1/2025 14:24,Porpasu Smakit,มีอะไรแทนข้าวได้ไหมครับลุง
21/1/2025 14:24,tmrtime.,ได้รี?
21/1/2025 14:24,Shirohime,ดาเมจ robin ได้อยู่
21/1/2025 14:24,NATO​ WORD​,ได้เลยละ เเค่ดอกไม้เเตกก็เปิดธาตุให้เจาะละ
21/1/2025 14:25,เน้ด จากสมาคมคนรักน้องหวาน,เสวเกิน ตะกี้
21/1/2025 14:25,Yabai-san,topas ถอดของหรอ
21/1/2025 14:25,saintmikael X,ไม่แตกเฉย
21/1/2025 14:25,Tar,55555555
21/1/2025 14:25,Porpasu Smakit,1%นาน10เดือนอีกแล้ว
21/1/2025 14:25,เน้ด จากสมาคมคนรักน้องหวาน,:_HHlol: :_HHlol: :_HHlol:
21/1/2025 14:25,Nánįkø Chan,5555
21/1/2025 14:25,NongGimji,บัพรอบนี้ อวยมากกกก ตีแรงขึ้นเรือยๆ
21/1/2025 14:25,Porpasu Smakit,เดี๋ยวนะ โทปาสแก้ผ้า
21/1/2025 14:25,Twhale_12,1% ยัน ทัฟเนส
21/1/2025 14:25,LeOOZ l_l,1%หลอดเบรคก็มา
21/1/2025 14:25,Festriz,เพลงเอาเรื่อง
21/1/2025 14:25,kurumi,5555555
21/1/2025 14:25,Porpasu Smakit,โทปาสโป๊ ลุงเอาลงช่องได้ไง
21/1/2025 14:25,Red April,ห้องล่างโยมิ easy
21/1/2025 14:26,NATO​ WORD​,เอ้านึกว่าไลฟ์นานละ ยังไม่ถึง 30นาที พึ้งออกเวร 55555
21/1/2025 14:26,kurumi,ลุงก้ก
21/1/2025 14:26,Suriyapol Sasivimollit,รู้เรื่อง
21/1/2025 14:26,Porpasu Smakit,ลุงไม่ได้ใส่แผ่น
21/1/2025 14:26,Win,ฮั่นแหนะ
21/1/2025 14:26,Kangkeng,55555
21/1/2025 14:26,Arikato kosaimus,เสียดายเอาพัดปิด
21/1/2025 14:26,MisterGe,55555
21/1/2025 14:26,Venzellist,แหนะ
21/1/2025 14:26,bqexe,แหนะ
21/1/2025 14:26,AbsoluteZero,แหนะๆๆ
21/1/2025 14:26,Mu ver,ทำไมกันนนนนนนนน
21/1/2025 14:26,MaiMee,เซ็นเซอร์
21/1/2025 14:26,DL Jinniez,แหน่ะๆๆๆๆๆ
21/1/2025 14:26,Suriyapol Sasivimollit,ตะกี้เหมือนมัคนถามแว๊บ ๆ ว่าวันนี้กาวยัง นี่ไง 55
21/1/2025 14:26,Tusave โอกาเนะ,กันพวกคนแบบลุงไง
21/1/2025 14:26,Prozitive,นมเน้น ๆ
21/1/2025 14:26,Porpasu Smakit,ตรวจพบ
21/1/2025 14:26,Eastinn,ทำไมกันน
21/1/2025 14:26,DL Jinniez,มีคนหิวนม 555555
21/1/2025 14:26,N.N0TE,ค ว า ม ยิ่ ง ใ ห ญ่ ข อ ง เ ฟื่ อ ง ฟู
21/1/2025 14:27,Porpasu Smakit,"อิมโฮเทป กำลังสรรเสริญสิ่งที่ ""ยิ่งใหญ่"""
21/1/2025 14:27,Gorumo,นางอยู่ทำลายล้างๆ
21/1/2025 14:27,bqexe,ค ว า ม ยิ่งใหญ่ ของทำลายล้าง
21/1/2025 14:27,King Prawn,บอสที่ ยิ่ ง ใ ห ญ่
21/1/2025 14:27,panini,คุณนัชกาจอกอถ
21/1/2025 14:27,Tusave โอกาเนะ,อันติยัดไปก่อนได้นะ ถ้าเปิดจุดอ่อน จะได้ลดหลอดขาวบอสก่อน
21/1/2025 14:27,Porpasu Smakit,อิมโฮเทป
21/1/2025 14:28,Neo DarkSaber,:_HHGlue: :_HHGlue: :_HHGlue:
21/1/2025 14:28,Peedee200,:_HHGlue: :_HHGlue:
21/1/2025 14:28,白 Shiro,บาป
21/1/2025 14:28,panini,กาวว
21/1/2025 14:28,Tar,:face-blue-wide-eyes:
21/1/2025 14:28,เน้ด จากสมาคมคนรักน้องหวาน,อ้าวกาว
21/1/2025 14:28,TAWANAHt,กาว
21/1/2025 14:28,DL Jinniez,กาวววววววว
21/1/2025 14:28,Chanuth PPK,กาว
21/1/2025 14:28,เน้ด จากสมาคมคนรักน้องหวาน,:_HHGlue: :_HHGlue: :_HHGlue:
21/1/2025 14:28,saintmikael X,:_HHGlue: :_HHGlue: :_HHGlue:
21/1/2025 14:28,เทพเมฆาอัคคี,อุ้ย ลืมบ่อยนะครับเนี่ย
21/1/2025 14:28,Snow_Y2uLight,กาวอีก 1 กระป๋อง
21/1/2025 14:28,Porpasu Smakit,ลุงบอก ลุงต่อให้
21/1/2025 14:28,น้องก๊อต Got,:_HHGlue: :_HHGlue:
21/1/2025 14:28,bqexe,:_HHGlue: :_HHGlue: :_HHGlue: :_HHGlue: :_HHlol:
21/1/2025 14:28,aon,คอนเทน
21/1/2025 14:28,Bboat,ดอกดำไม่ต้องตีแล้วไปรีบเบรคบอสไม่ดีกว่าหรอคับลุง
21/1/2025 14:28,Hdhrh Evvs,:_HHGlue: :_HHGlue: :_HHGlue: :_HHGlue: :_HHGlue: :_HHGlue:
21/1/2025 14:28,KOSC,:_HHGlue: :_HHGlue:
21/1/2025 14:28,Porpasu Smakit,บิดเยอะ ต่อให้ก่อน
21/1/2025 14:28,เน้ด จากสมาคมคนรักน้องหวาน,:_HHGlue: :_HHGlue: :_HHGlue: :_HHGlue:
21/1/2025 14:28,Nánįkø Chan,ห้องสามเอง ชิวๆเนอะ
21/1/2025 14:28,Tusave โอกาเนะ,ไม่น่าใช่ไหม
21/1/2025 14:28,bqexe,ลุงต่อให้มอนเยอๆปนะ
21/1/2025 14:28,SunHnung,ลุงจะช่วยคนลง apos มั้ยงับ
21/1/2025 14:28,Thaitan,ฟังไม่ขึ้น ลุง
21/1/2025 14:28,Porpasu Smakit,ลุงเพิ่งกลับมาเล่น ต่อให้ก่อน หลังจากบิดไปเยอะ
21/1/2025 14:29,DL Jinniez,จ่ะ 5555555
21/1/2025 14:29,panini,กลัวมันง่ายเกิน
21/1/2025 14:29,A. NERO,เฉียบ
21/1/2025 14:29,AbsoluteZero,ไหล่ถลอกยัง
21/1/2025 14:29,Hungry_Rice,จ้ะ
21/1/2025 14:29,Tar,จ้าาาาา
21/1/2025 14:29,เน้ด จากสมาคมคนรักน้องหวาน,โม้ครับ ไม่เชื่อ
21/1/2025 14:29,Festriz,ครับพรี่ กุเชื่อดีมั้ย
21/1/2025 14:29,Mahiro,พัดไม่บัง
21/1/2025 14:29,NTK Nartaku,ครับเชื่อๆ
21/1/2025 14:29,NATO​ WORD​,ลิงมาก
21/1/2025 14:29,BombJR,ทำไมเห็นคนถลอก
21/1/2025 14:29,pandaInDy,ถลอกหมดแล้วลุง
21/1/2025 14:29,panini,ถลอกหมดล
21/1/2025 14:29,Porpasu Smakit,จริงครับลุง
21/1/2025 14:29,Lugh- Sama,ระดับลุงต้องถอดหมดทุกชิ้น
21/1/2025 14:29,Thaitan,สีข้างแดงหมดแล้ว
21/1/2025 14:29,kurumi,อ๋อ
21/1/2025 14:29,Mina 🐧💙,สูตรดีๆแบบนี้ ลุยห้อง4ต่อ
21/1/2025 14:29,Festriz,เครๆ 
21/1/2025 14:29,saintmikael X,เห หกแสนเองหรอ
21/1/2025 14:29,Kanashi_Rose,อ่อ ครับ
21/1/2025 14:29,Porpasu Smakit,ลุงต่อให้
21/1/2025 14:29,Tar,ห้ะ
21/1/2025 14:29,Festriz,ห๊ะ
21/1/2025 14:29,Icefrost1,เอาหละ ของจริงมาละ
21/1/2025 14:29,NATO​ WORD​,เล่น KING ยังครับ
21/1/2025 14:29,Nuttawat Sripako,ไปๆๆๆๆ
21/1/2025 14:29,Neo DarkSaber,ลุงครับ แชทขอชาเล้นแบนอเวนห้องบน :face-blue-smiling: :face-blue-smiling:
21/1/2025 14:30,白 Shiro,เย่
21/1/2025 14:30,Copter,ต้องจัดละ
21/1/2025 14:30,Xignos Sama พีคุง,ddd ครับ
21/1/2025 14:30,[HSR] Yokai,ดีครับ
21/1/2025 14:30,AbsoluteZero,น่าสนๆ
21/1/2025 14:30,Noname tofill,งั้นห้อง4ไม่ต้องใส่ lc มั้ย 555
21/1/2025 14:30,Junejanai,ซื้อข้าวรอเลย 
21/1/2025 14:30,N.N0TE,จัดไป
21/1/2025 14:30,[HSR] Yokai,DDDDDDDD
21/1/2025 14:30,einsaway,เอาเลย
21/1/2025 14:30,เน้ด จากสมาคมคนรักน้องหวาน,ปกติบิ้นใส่ลูกแก้ว atk นี่
21/1/2025 14:30,タニットdhanit saengwichitr,ห้องล่างเล่น dot ได้นะครับ
21/1/2025 14:30,Xignos Sama พีคุง,ลุงห่างหายจากร้างมืดนานละ
21/1/2025 14:30,Porpasu Smakit,ห้อง4ไม่ต้องใส่อะไรเลยลุง
21/1/2025 14:30,Tusave โอกาเนะ,จริงๆลองของเองได้เลยนะ
21/1/2025 14:30,PrinceZ,สั่งข้าวรอเลย
21/1/2025 14:30,PrinceZ,ข้าวอร่อยแน่
21/1/2025 14:30,เน้ด จากสมาคมคนรักน้องหวาน,บิ้นไม่ใส่เลือดสักขิ้นก็ยืนไหวนา
21/1/2025 14:30,Pharan,ลุงครับห้องล่างเล่นดอสไหวมั้ยครับ
21/1/2025 14:30,Natee Kongthong,ร่างมืดเลยลุงรอดูความมันส์
21/1/2025 14:30,เน้ด จากสมาคมคนรักน้องหวาน,ว้าวววววว
21/1/2025 14:31,Porpasu Smakit,ร่างมืดเป็นช่วงๆ
21/1/2025 14:31,rappin,ลุง jade herta lingsha เลือก lc ได้ใบนึงเปิดไรดี
21/1/2025 14:31,kuro,จะรั่วกับโรบิ้น
21/1/2025 14:31,เน้ด จากสมาคมคนรักน้องหวาน,คถร่างมืดใจจะขาด
21/1/2025 14:31,Xignos Sama พีคุง,ร่างมืดได้อย่าหน้ามืดพอ :face-blue-smiling: :face-blue-smiling: :face-blue-smiling:
21/1/2025 14:31,เทพเมฆาอัคคี,ร่างมืดเลย อยากเห็นลุงกรี๊ดร้อง
21/1/2025 14:31,Dodorothy,มันเข้าได้มากสุด 10 ค่ะ แต่ถ้าเข้ารัวๆมันจะลดจำนวนน้อยลง ถ้าเว้นมันจะได้ 10
21/1/2025 14:31,เน้ด จากสมาคมคนรักน้องหวาน,ร่างมืดดดดดดด
21/1/2025 14:31,Janeiro,:face-red-heart-shape: :face-red-heart-shape: :face-red-heart-shape:
21/1/2025 14:31,Natsushi629 Ch.,คุณบอสไร ผมโดคับ555
21/1/2025 14:31,Porpasu Smakit,ร่างมืดโอมากาเสะ ได้น้อย
21/1/2025 14:31,Mina 🐧💙,เย้ดีใจได้ดูร่างมืดดด
21/1/2025 14:31,Junejanai,ไอดีเดียวก็อร่อย
21/1/2025 14:31,bqexe,อย่าลืมlc
21/1/2025 14:31,Natsushi629 Ch.,คุณบอสนั่งงง
21/1/2025 14:31,NTK Nartaku,ร่างมืดลุงเลย รอบนี้มันมีทีมที่เหมาะน้อยกว่ารอบอื่น
21/1/2025 14:31,Ouga Okkotsu,มีคนเดียวค่ะ
21/1/2025 14:31,Tar,อย่าลืมใส่ Lc
21/1/2025 14:31,DL Jinniez,คิดถึงจัง ร่างมืดดด กลับมาแล้วววว
21/1/2025 14:32,kurumi,ขอไอดีตึงๆ
21/1/2025 14:32,Ouga Okkotsu,:_HHAngry:
21/1/2025 14:32,saintmikael X,จุ๊ๆ
21/1/2025 14:32,Porpasu Smakit,ร่างมืดร้านลับ รับจำนวนเท่านั้น
21/1/2025 14:32,Xignos Sama พีคุง,หะอะไรแตก
21/1/2025 14:32,NATO​ WORD​,เเอดตื่นเช้าเเน่ การบ้านเยอะจริง
21/1/2025 14:32,Porpasu Smakit,ร้านนี้อยู่ซอยไหนครับ 
21/1/2025 14:32,Tusave โอกาเนะ,อยากให้ลุงได้ CE จะได้เหนื่อยน้อยลงหน่อย
21/1/2025 14:33,BB BOY,ว่าแต่ลุงดูคลิปแอสต้าไปยังครับหรือจะเก็บไว้ดูพรุ่งนี้
21/1/2025 14:33,MinG,จะช้าหรือเร็วรอลุงได้เสมอครับ อิ_อิ
21/1/2025 14:33,Xignos Sama พีคุง,สมัย 1.0 hsr รอคลิปหลังตัวเข้าไม่รีบงับ อิอิ
21/1/2025 14:33,Tar,ซอยไม่หยุด(ชื่อซอย)
21/1/2025 14:33,Venzellist,ไม่ต้องห่วง
21/1/2025 14:33,HookHuukGaming,📌ลงคิว(สุ่ม)ร่างมืด : https://hhgaming.app/honkai-star-rail...
21/1/2025 14:33,Venzellist,นั่งดูซะพี่
21/1/2025 14:33,Ouga Okkotsu,5.55556E+12
21/1/2025 14:33,Venzellist,อ่อ
21/1/2025 14:33,Porpasu Smakit,ลุงใจเย็นครับ รู้ว่ามันเป็นความเคยชิน
21/1/2025 14:33,Neo DarkSaber,ลุงครับลองชาเล้นตามแชทแบนอเวนห้องบนมั้ย:_HHlol:
21/1/2025 14:33,Venzellist,เดี๋ยวให้พี่ดูก่อนจะดีสุด
21/1/2025 14:33,saintmikael X,ชิส์
21/1/2025 14:34,Copter,กาวต่อแบบทันที
21/1/2025 14:34,Venzellist,ดูแล้วววววววววววววววววววววววววววววววววววววววว
21/1/2025 14:34,Porpasu Smakit,ไปใส่การ์ดก่อน
21/1/2025 14:34,_MikuKK_,คริ 58???
21/1/2025 14:34,Tar,ไปอยู่นั่นได้ไง
21/1/2025 14:34,Xignos Sama พีคุง,ไม่ชินทรงผมนี้ลุงเลย :cat-orange-whistling: :cat-orange-whistling:
21/1/2025 14:34,HiHine,ลุงรู้จัก WISE เสือผู้หญิงรึเปล่า 555
21/1/2025 14:34,โอโจ้จัง 🌈☀️,ท่าน Herta จำเป็นต้องมีปจต.มั้ยครับ
21/1/2025 14:34,Can_ouM,พรุ่งนี้ ไลฟ์ Astra Yao ZZZ มั้ยครับ
21/1/2025 14:35,kurumi,นรกจริงห้องบน
21/1/2025 14:35,Barry DeadAngel,บัฟ ทีมอวย ณ ตอนนี้ ;)
21/1/2025 14:35,Tar,หมีจะเปิดตัวอนุรักษ์ใหม่ละ:face-blue-smiling:
21/1/2025 14:35,Porpasu Smakit,ลำแสงทำลายล้างงง
21/1/2025 14:35,NATO​ WORD​,ตู้มมมมมมที่ ครึ่งล้าน
21/1/2025 14:35,Reginlief,ดาเมจสะใจมากก
21/1/2025 14:35,MisterGe,5555
21/1/2025 14:35,Hdhrh Evvs,Ap
21/1/2025 14:35,Hdhrh Evvs,As
21/1/2025 14:35,Takt,As
21/1/2025 14:35,x4869x,Welcome to ฮูกน้อย!
21/1/2025 14:36,BombJR,ผลัดกันขึ้นผลัดกันลงละตอนนี้
21/1/2025 14:36,Neo DarkSaber,อวยตามหน้าตู้ไง 5555
21/1/2025 14:36,Porpasu Smakit,พลังปัญญานำพาทุกสิ่ง
21/1/2025 14:36,zerulant,moc ปัจจุบันก็พอๆกันเลย
21/1/2025 14:36,Verr _venuss,ทีมthe herta ใช้sunday หรือ rmc ดีครับ
21/1/2025 14:36,Prozitive,อย่าว่าแต่ AP MOC ก็อวย
21/1/2025 14:36,lIDUPPYIl,อวยจัด
21/1/2025 14:36,NoCoupleForMe,ปัญญากำลังจะครองเกมมม
21/1/2025 14:36,Tusave โอกาเนะ,ใครเข้าตู้คนนั้นเก่ง ก้ถูกแล้วนิ
21/1/2025 14:36,BB BOY,นอยทีม DOT โดนฝังดินไปละ
21/1/2025 14:36,Barry DeadAngel,ดาเมจ สะใจ สไตล พารท ปัญญา
21/1/2025 14:36,YuukiKun [เฟริสท์],Apocalyptic Pure Shadow Fiction
21/1/2025 14:36,เทพเมฆาอัคคี,ตีบอส แต่บอสเรียกลูกน้อง pfดีๆนี่เอง
21/1/2025 14:36,Neo DarkSaber,แพทนี้เฮอต้ามา ต้องทำคอนเท้นอวยเฮอต้า
21/1/2025 14:36,gajoon,55555
21/1/2025 14:36,NTK Nartaku,รอวัน pure fiction มอนเดี่ยวเลย 5555
21/1/2025 14:36,kurumi,555555
21/1/2025 14:36,_Tsuzaki,ดีคับ เล่นให้หลากหลาย (พูดพร้อมกำหมัด)
21/1/2025 14:36,Nánįkø Chan,ลั่นนน555555
21/1/2025 14:36,Tar,อ้าว
21/1/2025 14:36,Porpasu Smakit,ท่านเฮอต้าลงมง
21/1/2025 14:36,AbsoluteZero,มือพี่ลั่นไปเองงงง
21/1/2025 14:36,kanazero toon,สติลุง สติ 55555
21/1/2025 14:36,Yai,ภาพเคิส
21/1/2025 14:37,kurumi,ลั่นเก่งไปหน่อย
21/1/2025 14:37,BombJR,ตั้งถุงกาววางสติก่อน
21/1/2025 14:37,Porpasu Smakit,ลุงต่อให้
21/1/2025 14:37,Mina 🐧💙,555
21/1/2025 14:37,Bl4ckLotus,super glue
21/1/2025 14:37,AbsoluteZero,สติที่หายไป.....
21/1/2025 14:37,Porpasu Smakit,หน้ามืดก่อนจะร่างมืด
21/1/2025 14:37,Tusave โอกาเนะ,นอนเยอะนะลุุง
21/1/2025 14:37,RanMeow,ทุกอย่างเกินการควบคุมไปหมดแล้ว
21/1/2025 14:37,MinG,Autoได้เลยครับลุง สบายๆทีมนี้
21/1/2025 14:37,เทพเมฆาอัคคี,เห็นแววมาแต่ไกล 555
21/1/2025 14:37,Xignos Sama พีคุง,:face-blue-smiling: :face-blue-smiling: :face-blue-smiling:
21/1/2025 14:37,Kluay,มือไวเกินไปลุงง5555555
21/1/2025 14:37,Porpasu Smakit,เปิดโหมดหน้ามืด
21/1/2025 14:38,Nattapat Boonim,ตีลูกน้อง
21/1/2025 14:38,Snow_Y2uLight,ฆ่าลูกน้องละมันจะระเบิดเกราะครับ
21/1/2025 14:38,Tomlamon,ฆ่าแมลงก็ยังได้อยู่
21/1/2025 14:38,Bl4ckLotus,เตรียมรับแรงกระแทก
21/1/2025 14:38,Icefrost1,มันชาร์จอัลติ
21/1/2025 14:38,จ้างงานผมเถอะครับ ไม่มีอันจะกินแล้ว,ต้องตีตัวลูกๆเกราะจะหายคับ
21/1/2025 14:38,NotRe,ไหๆคับลุง
21/1/2025 14:38,Hungry_Rice,the herta ใช้แชมพูไรเนี่ย นุ่มสลวยเหลือเกิน
21/1/2025 14:38,Nánįkø Chan,ตีตัวเล็กแล้วมันจะค่อยๆเบรคตัวใหญ่ให้คับ
21/1/2025 14:38,Tusave โอกาเนะ,อันนี่ ขนานให้ 2 herta ยังไหวอะ
21/1/2025 14:39,Pustules,ห้องแรกอวยhertaแบบจัดๆ
21/1/2025 14:39,BB BOY,โล่มันบางหรือมอนมันแรงนะ
21/1/2025 14:39,Mu ver,ไไหวชิว
21/1/2025 14:39,Misfortune,ตีลูกจนกว่าแสตกบอสทางล่างซ้ายหมด จะเปิดจุดอ่อนค่ะ
21/1/2025 14:39,Bl4ckLotus,ไหวชิลๆ
21/1/2025 14:39,Worachat Singtothong,สถานะน่ะนะ
21/1/2025 14:39,saintmikael X,ก็ลุงเก็บลูกมันได้หมดอะ
21/1/2025 14:39,TunaJr,ไม่มีอเวน ก็แค่ครึ่งหลอดครับ โดนมาแล้ว 
21/1/2025 14:39,NATO​ WORD​,ไม่มีก็อาจจะหลับได้นะ
21/1/2025 14:39,Misfortune,ล่างขวา*
21/1/2025 14:39,Jlenril,ฟูฉวนรอดค่ะ
21/1/2025 14:39,Surtr,รอดตลอดถ้าเลือดไม่แดง
21/1/2025 14:39,NotRe,เพราะลุงเคลียลูกๆหมดด้วยป่ะนะ เลยเบา
21/1/2025 14:40,P WIT,โล่ 3.5k แต่ herta jade เลือดไม่ถึง 3k อะนะลุง555555555
21/1/2025 14:40,gajoon,ลองใช้ลุงกัลก้รอด
21/1/2025 14:40,TunaJr,ไม่มี ทั้งฟู ทั้ง อเวน ไม่แรงเลยนะไอท่า บอลของบอส อะทำไมคนถึงบอกแรงกัน?
21/1/2025 14:40,Yakukung,ห้องบนน้อง yunli ครับลุงมันส์ๆ
21/1/2025 14:40,Bl4ckLotus,ล้าน 8
21/1/2025 14:40,Hungry_Rice,1%
21/1/2025 14:40,Nánįkø Chan,1%
21/1/2025 14:40,Nuttawat Sripako,ล้านแปดดดดดด
21/1/2025 14:40,Mu ver,แรงจัดๆ
21/1/2025 14:40,ZanS,1%
21/1/2025 14:40,Venzellist,1%
21/1/2025 14:40,เน้ด จากสมาคมคนรักน้องหวาน,ผมเล่นฝูสวนไม่รอดแฮะ แบบทั้งเพื่อนทั้งน้องไปพร้อมกันเลย
21/1/2025 14:40,lIDUPPYIl,ใช้คำว่าอวยไส้แตก
21/1/2025 14:40,rekt arduno,1%
21/1/2025 14:40,SalmonSuShi,1
21/1/2025 14:40,[เต] dmhdmh,1%
21/1/2025 14:40,เน้ด จากสมาคมคนรักน้องหวาน,หรือฝูผมเปราะ
21/1/2025 14:40,Bl4ckLotus,mr 1 %
21/1/2025 14:40,Nani,โครตอวย555
21/1/2025 14:40,sixnon,1
21/1/2025 14:40,Kr1ss,1.8 m
21/1/2025 14:40,Gorumo,เป็นล้านเลยเหรอเพ่
21/1/2025 14:40,Barry DeadAngel,ล้านแปด แรงจัด
21/1/2025 14:40,Tusave โอกาเนะ,สบายคุ้ม
21/1/2025 14:40,iT_T4,เป็นล้านเลยอ่อพี่
21/1/2025 14:40,Porpasu Smakit,1%นาน 10เดือน
21/1/2025 14:40,Neo DarkSaber,master of 1 percent
21/1/2025 14:40,Nivea,ผมโดนแมลงรุมแค่herta รีใหม่ไป2รอบ
21/1/2025 14:40,NATO​ WORD​,ปัญญาปลอมครับเเอด LCฟรีด้วย
21/1/2025 14:40,_MikuKK_,ลุง = pokke
21/1/2025 14:40,Tar,1%แมน
21/1/2025 14:40,HoMm P,1% ที่เป็นเพลงแสตมป์ใช่ป่ะครับ
21/1/2025 14:41,Misfortune,นอย 1%
21/1/2025 14:41,Hungry_Rice,ห้องแรกอวยท่านเฮอร์ต้ามาก แรงจริงทแรงจัง
21/1/2025 14:41,N.N0TE,ลุงคือคนพิเศษ
21/1/2025 14:41,Mik Cn,1 เปอร์ เพลง แสตมป์ปะครับ 555
21/1/2025 14:41,Maruo (Maruo),ลุงจะ1%แข่งกับPokkeหรอ
21/1/2025 14:41,HellHex,เบากว่าทีมนี้แต่ใช้ rmc
21/1/2025 14:41,Tusave โอกาเนะ,พยายามมองให้ได้เลย
21/1/2025 14:41,Porpasu Smakit,ส่วนลด1% นาน10วัน
21/1/2025 14:41,BB BOY,ช่องต่างชาติก็ 1% 555
21/1/2025 14:42,MinG,โรบินหนูไม่ร้องเพลงต่อละลูกกกก
21/1/2025 14:42,กเฬวราก,ลุงจะได้เทสแม่นางหุ่นเชิดก่อนท่านเฮอต้าออกไหมครับผมชอบแม่นางหุ่นเชิดมาก แต่ขาดดาเมจน้ำแข็งเหมือนกัน (ไม่นับกระสอบทราย)
21/1/2025 14:42,Porpasu Smakit,ร้องไร้เสียง
21/1/2025 14:42,Hungry_Rice,โรบินเสียงแหบครับ ร้องเยอะเกิน 55555
21/1/2025 14:42,K•O•R•N,"ลุงน่าจะpodcast collabกับPokkeนะครับ ""We have 1% issue..."" อะไรเงี้ย:_HHlol:"
21/1/2025 14:42,DIW thanaphat,ลงดอกไม้
21/1/2025 14:42,Bay Yeo,สวัสดีครับลุง
21/1/2025 14:43,Tar,แรงแทร่
21/1/2025 14:43,eieiplus,ทำนายพลแรงจุง
21/1/2025 14:43,เน้ด จากสมาคมคนรักน้องหวาน,ลุงไม่กดอัลติบิ้นอะ?
21/1/2025 14:43,Tar,โรบิ้นนนนน
21/1/2025 14:43,kurumi,เอ้า
21/1/2025 14:43,Bl4ckLotus,ขนาดไม่บัฟร้องเพลง 55555
21/1/2025 14:43,NATO​ WORD​,โรบิ้นยังไม่ได้เล่นเลย55555
21/1/2025 14:44,Ninja zed,ผมชอบรอบนี้มาก ไม่มีลิง
21/1/2025 14:44,เน้ด จากสมาคมคนรักน้องหวาน,ลุงอ่อนให้มอนแหละ
21/1/2025 14:44,Khun_Patt,โล่อเวนหายบัคยังอะ
21/1/2025 14:45,:3,yeeeee
21/1/2025 14:45,saintmikael X,ต่อยบอสเลยด้วย
21/1/2025 14:45,amoX,บิ้นร้องเพลงไม่เต็มละเหรอครับ
21/1/2025 14:45,KØRN,ตีดอกไม้ลดเร็ว
21/1/2025 14:45,Katsuto,ใช่ เน้นหมู่
21/1/2025 14:46,Tabazgooz,สวัสดีครับ
21/1/2025 14:46,NATO​ WORD​,จ่ายเพิ่มทำลายล้าง55555
21/1/2025 14:46,NotRe,อัลตินายพลพอๆกับตีดอกไม้เลย :_HHShocked:
21/1/2025 14:46,Phaitun Chandonphai,ดีครับลุงฮูก
21/1/2025 14:46,SPITEKUNG,บอสรายสัปดาห์บิ้นไม่ร้องเพลงนะ
21/1/2025 14:46,Nuttawat Sripako,ทีละแสนๆๆๆ
21/1/2025 14:46,Bl4ckLotus,ต่างกันลิบลับ
21/1/2025 14:46,Tar,:face-blue-wide-eyes: :face-blue-wide-eyes: :face-blue-wide-eyes: :face-blue-wide-eyes:
21/1/2025 14:46,eieiplus,เก่งจุง
21/1/2025 14:46,Porpasu Smakit,หนังคนละม้วน
21/1/2025 14:46,Misfortune,ขายตีหมู่สุดๆ รอบนี้
21/1/2025 14:46,Azuma,ต่างจริงครับ ผมก็พึ่งเปิด
21/1/2025 14:46,Ome Anp,ลุงเปิดแล้วหรอครับ
21/1/2025 14:46,GUy_ VEr,ไม่สนเดฟ54อะ
21/1/2025 14:46,K•O•R•N,ให้เจาะdefเยอะไง:_HHlol:
21/1/2025 14:47,lc_petch,Welcome to ฮูกน้อย!
21/1/2025 14:47,RezzaOO,ลุงห้องบน ที่ไม่มีตัวตีหมู่ทำยังไงดี
21/1/2025 14:47,Porpasu Smakit,เปิดโหมดหน้ามืด
21/1/2025 14:47,Thi-ma,คิดถึงร่างมืดมากลูงงง
21/1/2025 14:47,NATO​ WORD​,เเครี่+LC=เเรง
21/1/2025 14:47,kurumi,เดี๋ยวรู้
21/1/2025 14:47,Tusave โอกาเนะ,เราไม่มีประจำตัว แต้มก้ 3800 อยู่นะ
21/1/2025 14:47,DL Jinniez,ขออร่อยๆนะลุง 55555
21/1/2025 14:47,Misfortune,เริ่มเลอ 
21/1/2025 14:47,Saltines,ร่างมืดหรือหน้ามืด
21/1/2025 14:47,Miyuki _eiei,ขนาดลุงเล่นพลาดรอบนึงไม่กดอัลติโรบิน ยังจบไวขนาดนี้
21/1/2025 14:47,Worachat Singtothong,หน้าทืดแน่ๆ
21/1/2025 14:47,Thi-ma,ผมไปเอาขนมมากินล่ะ อร่อยแน่นอน
21/1/2025 14:47,BB BOY,wuwa ตัวอะไรมานะ
21/1/2025 14:47,เคียร่า,ตี้แรกไม่มีเจดใช้ตัวอะไรแทนได้บ้างคะ
21/1/2025 14:47,PrinceZ,อร่อยชัว
21/1/2025 14:48,Porpasu Smakit,ผมไปเอาหม้อไฟมาแล้ว
21/1/2025 14:48,Neo DarkSaber,คาลอตต้า
21/1/2025 14:48,Xignos Sama พีคุง,กินปอบคอนรอ
21/1/2025 14:48,Tar,อารมณ์ดีก่อนนอน
21/1/2025 14:48,NATO​ WORD​,มังกร จินซีมา
21/1/2025 14:48,bophit leelavanich,roccia
21/1/2025 14:48,Neo DarkSaber,ตู้เก่าคาลอตต้า+เจ่อจื๋อ ตู้หน้า ร็อคเซีย+จินซี
21/1/2025 14:48,Tar,แฟนผมเองแหละ
21/1/2025 14:48,Porpasu Smakit,ลุงครับ มีชีสบอลไหมครับ
21/1/2025 14:48,Icefrost1,น้องจิ๋ว carlotta
21/1/2025 14:48,BB BOY,Zani ยังไม่มาใช่ไหมครับ
21/1/2025 14:50,Thi-ma,สกินเจ้าเมืองสวยมาก
21/1/2025 14:50,Icefrost1,เขาดริปมา 2.1 เป็นฟีบี้กับพรี่แบรน
21/1/2025 14:50,Tabazgooz,สอบถามหน่อยครับลุง ผมมีHerta E2 ปจต เล่นกับทีมยังไงดีครับ แล้วต้องทำสปีดไหมผมลองทำไม่สนสปีดแล้วรู้สึกว่าสกิลEมันเหลือครับ
21/1/2025 14:50,Thi-ma,ลุงต้องดูในเกม
21/1/2025 14:50,Lolilins,ในเกมสวยค่ะะ
21/1/2025 14:51,Maruo (Maruo),ในไลฟ์มาแต่รูปอะ
21/1/2025 14:51,シャドウミラー (Shadow Mirror),ผมว่ามันแลดูจืดๆไปหน่อย
21/1/2025 14:51,シャドウミラー (Shadow Mirror),สกินจินซีอะ
21/1/2025 14:51,reaper,ทำไมมีแต่คนเรียกลุง 
21/1/2025 14:51,Mik Cn,wuwa โมเดล ส่วน กว่า ภาพตลอดไม่รู้ทำไม
21/1/2025 14:51,シャドウミラー (Shadow Mirror),มันสวยแค่ตรงเอฟเฟคนี่ล่ะ
21/1/2025 14:51,DL Jinniez,ลุงบ่นอะรายยยย
21/1/2025 14:51,Thi-ma,ค่ำแล้วเบลอเปล่า555
21/1/2025 14:51,PITY,ส่วนตัวผมชอบแสงแบบเก่ามากกว่า เลยไม่ได้ซื้อ
21/1/2025 14:51,bophit leelavanich,พี่เบียวแบรนท์
21/1/2025 14:51,reaper,แต่ผมเรียกพี่่นะ
21/1/2025 14:51,HoMm P,ลืมเปลี่ยนภาษา
21/1/2025 14:51,NATO​ WORD​,บ่งบอกถึงความยากก่อนเข้าเกมส์555555
21/1/2025 14:52,Eilozce,อีก 35 ชม. น่าจะตู้เปลี่ยนแต่เช้า ลุงต้องขึ้นโคตรรรรเช้าาาา
21/1/2025 14:52,Kanashi_Rose,555555
21/1/2025 14:52,NATO​ WORD​,สายฟรีครับ5555
21/1/2025 14:52,Nanatsuji Chihiro,เขาอาจจะตื่นเต้นก็ได้ลุง
21/1/2025 14:52,Misfortune,ถูกกกกกก
21/1/2025 14:52,Thi-ma,แต่แบบใหม่มันมีพลุสวยๆอะลุง:eyes-purple-crying: :eyes-purple-crying:
21/1/2025 14:52,YuKi,wuwaตู้เปลี่ยนประมาณ9โมง5555
21/1/2025 14:52,Kurēpu,ผมก็ยังไม่ได้เล่นลุง :_HHlol:
21/1/2025 14:52,Worachat Singtothong,เนื้อเรื่องยาวจัดลุง
21/1/2025 14:52,Yai,เนื้อเรื่องฉํ่ามากบอกเลย
21/1/2025 14:52,さくら,เนื้อเรื่องโคตรยาวววว
21/1/2025 14:52,MythStyx,หวัดดีครับลุง
21/1/2025 14:53,NATO​ WORD​,เเนะนำให้เล่นตอนเช้านะลุงเนื้อเรื่อง รางดาวยาวจน คนดูหลับ
21/1/2025 14:53,DL Jinniez,อยากดูลุงรีแอคเนื้อเรื่อง 3.0:eyes-purple-crying: :eyes-purple-crying:
21/1/2025 14:53,MTM- AUM,เควสคือยาวแบบยาววววววว
21/1/2025 14:53,Aissenz,ผมมีเเต่ทีมตีห้องบนห้องลางเน่ามากครับ😭
21/1/2025 14:53,Eilozce,คนง่วงยังจะเปิดรับร่างมืด
21/1/2025 14:53,Lolilins,ข้าง
21/1/2025 14:53,Misfortune,พูดถึงเนื้อเรื่องตัดจบละครไทยอีกแล้ววววว 55555
21/1/2025 14:53,Lolilins,ล่างๆ
21/1/2025 14:53,NotRe,ล่างสุดแมพเลยลุง
21/1/2025 14:53,saintmikael X,ร่วงรวย วาพแรกเลย
21/1/2025 14:53,saintmikael X,โรย
21/1/2025 14:53,NotRe,แนวฝันร่วงโรยถูกละฮะ
21/1/2025 14:53,Thi-ma,เนื้อเรื่องเล่นเป็นอาทิตย์อะลุง เล่นแค่วันละชั่วโมง555
21/1/2025 14:53,Nut Love,เล่นตอนนี้มีเช้า
21/1/2025 14:53,Porpasu Smakit,ยาวเป็นหางว่าว
21/1/2025 14:53,Tabazgooz,สอบถามหน่อยครับลุง ผมมีHerta E2 ปจต เล่นกับทีมยังไงดีครับ แล้วต้องทำสปีดไหมผมลองทำไม่สนสปีดแล้วรู้สึกว่าสกิลEมันเหลือครับ
21/1/2025 14:53,kurumi,ยาว
21/1/2025 14:53,อืม,แมลงต้านไฟ 40%
21/1/2025 14:54,NATO​ WORD​,FFไปล่างโอนะเเบก จริงๆ
21/1/2025 14:54,Kirov Reporting,ไหๆ
21/1/2025 14:54,Kirov Reporting,เป็นยังไงบ้าง as
21/1/2025 14:54,DIW thanaphat,คติเดิม ห้ามเกาะเบาะใช่ไหมพี่
21/1/2025 14:54,บี๋,ผมเล่นเอาทีมนี้ไปล่าง ผ่านอย่างง่าย
21/1/2025 14:54,Thi-ma,ห้องบนเบรคช้าอะลุง
21/1/2025 14:54,Worachat Singtothong,สลับเถอะลุง55555
21/1/2025 14:54,Misfortune,กว่าโล่จะแตกกก FF อ่อมแล้วว
21/1/2025 14:54,NATO​ WORD​,เบรค 3หลอดรึป่าว
21/1/2025 14:55,lc_petch,ปิติทุกข์ :_HHlol:
21/1/2025 14:55,SUNG,พี่ครับlingcha กับ the herta เปิดตัวไหนดีครับ
21/1/2025 14:55,Thi-ma,ปิติทุกข์ตอนเสีย50/50
21/1/2025 14:55,MTM- AUM,งวดนี้ผมเล่น2เบรค บนแรปปา ล่างหิ่งห้อย5555
21/1/2025 14:55,Man ser,ชั่งเขาและก็อย่ากดเข้าไปดูพอ
21/1/2025 14:55,_MikuKK_,Acheron บนโหดนะลุง
21/1/2025 14:55,Khun_Patt,อาจาร์ไหมลง
21/1/2025 14:55,NATO​ WORD​,ตีกระจายๆก็ดีนะ ห้องบน
21/1/2025 14:55,PITY,ห้องบนทีมเบรกลำบากหน่อยๆ
21/1/2025 14:55,Yai,โยมิเก็บแสต็กดีมากห้องบนอะ
21/1/2025 14:56,เจ เจ,โยมิตลอดปายยยยยย
21/1/2025 14:56,Genjo 5556,Archeron ไม่มีjiaoqiuอย่าหาเล่นเลยครับ
21/1/2025 14:56,นอนน้อย,mc dps ?
21/1/2025 14:56,_MikuKK_,แมลงตาย โดนดีบัฟด้วย
21/1/2025 14:56,Thi-ma,โยมิบนอย่างดี
21/1/2025 14:56,บี๋,อาเชรอนเก่ง
21/1/2025 14:56,KØRN,rappa ห้องบนก็เครอยู่นะลุง
21/1/2025 14:56,NATO​ WORD​,โยมิ ต้องมาละ เเต่บัพดี
21/1/2025 14:56,BombJR,ตัวเยอะมาก
21/1/2025 14:56,Tusave โอกาเนะ,จิงหลิอสิ โยงมาขนานนี้แล้ว
21/1/2025 14:56,RezzaOO,ลุงห้องบน ที่ไม่มีตัวตีหมู่ทำยังไงดี
21/1/2025 14:56,Pomegranede,โยมิมอนตายได้stack
21/1/2025 14:56,Rain,โยมิครับ
21/1/2025 14:56,Genjo 5556,มีชิวเลย
21/1/2025 14:56,saintmikael X,พี่เมย์ถ้ามีเจี๊ยวห้องบนไหว
21/1/2025 14:56,MinamotO,เพิ่งรู้ว่าต้านไฟฟ้า5555555 พี่เมย์ตบยับ
21/1/2025 14:56,Maruo (Maruo),อาเครอนบนเพราะแมลงแปะดีบัพได้
21/1/2025 14:56,บี๋,มันอันติบ่อยด้วย
21/1/2025 14:56,MR_Cha,ต้องมังกร แล้วแลหฟะ
21/1/2025 14:56,AMIUL,ลูกน้องตายอาเชรอนได้สแตกด้วยครับ
21/1/2025 14:56,Worachat Singtothong,เล่นยากแบบไหนเปิดมาแก้เลยครับ sung ตีนานเปิดท่านเฮอ ตายบ่อย ติดสถานะบ่อย เปิดหลิงชาครับ
21/1/2025 14:56,Misfortune,ดานเฮิง ไหวไหมลุง
21/1/2025 14:56,HiHine,ด้านไฟฟ้าด้วยหรอลุง ก็ว่าไมอาเครอนมันเบาๆ
21/1/2025 14:56,Win,ครึ่งบนอาเชอรอนพอไปไหวครับ
21/1/2025 14:56,Ultima,danheng ln??
21/1/2025 14:56,BombJR,โยมิ sw ลดต้าน
21/1/2025 14:56,NATO​ WORD​,โยมิ พอ ได้ 6600+
21/1/2025 14:56,KØRN,ลองโยมิดู
21/1/2025 14:56,vunsan,ไม่มีเจียวใช้อะไรดีคะ โยมิดอทได้ไหม
21/1/2025 14:56,Neo DarkSaber,โยมิ เพล่า เจียวชิว อเวน ได้
21/1/2025 14:56,Bl4ckLotus,FF ไหวอยู่
21/1/2025 14:56,Young Sville,เจ้ายลไม่มีบัฟอะดิ
21/1/2025 14:57,Yabai-san,จ้าวยล
21/1/2025 14:57,Khun_Patt,ลอง โยมิ
21/1/2025 14:57,SUNG,หลิงชากับเฮอร์ต้าเปิดตัวไหนดีครับพี่
21/1/2025 14:57,Ibuki,คลาล่า
21/1/2025 14:57,Neo DarkSaber,ตี้อาเคร่อนบัพอะไรนะ
21/1/2025 14:57,Neo DarkSaber,ที่ลุงเลือก
21/1/2025 14:57,Talay,เมาส์คุงหยุดเบิลเถอะนาาาา
21/1/2025 14:57,Pomegranede,ไม่ใส่ฮีลไหมลุง
21/1/2025 14:57,NATO​ WORD​,อุ้ยมี MCใหม่
21/1/2025 14:57,AMIUL,หรวน เหมย
21/1/2025 14:57,Neo DarkSaber,บัพ2
21/1/2025 14:58,vunsan,มีร่างมืดด้วย
21/1/2025 14:58,Neo DarkSaber,เราเอาต้านสถานะ50%
21/1/2025 14:58,saintmikael X,เอาต้านกักขังบัฟสองปะ
21/1/2025 14:58,Misfortune,เช็ค LC ก่อนไหมลุง 
21/1/2025 14:58,Yai,ลองเล่นก่อนก็ได้
21/1/2025 14:58,Icefrost1,เดี๋ยวรู้
21/1/2025 14:58,Yona,เช็คของแล้วหรอ
21/1/2025 14:58,Xignos Sama พีคุง,แล้วลุงจะเสียใจ
21/1/2025 14:58,Genjo 5556,ต้าน100เลยนะลุง
21/1/2025 14:58,saintmikael X,555 อย่างไว
21/1/2025 14:58,Kirov Reporting,ต้านไหมละ 5555
21/1/2025 14:58,Neo DarkSaber,:_HHlol: :_HHlol:
21/1/2025 14:58,Man ser,5555
21/1/2025 14:58,Nánįkø Chan,รู้เรื่องง55555
21/1/2025 14:58,Young Sville,5555
21/1/2025 14:58,Talay,55555555
21/1/2025 14:58,Neo DarkSaber,อย่างไวเลย
21/1/2025 14:58,NATO​ WORD​,555555
21/1/2025 14:58,Copy CH,55555
21/1/2025 14:58,Thi-ma,ลุงแพ้50/50
21/1/2025 14:58,Makoto,zzzไหมครับ พน.
21/1/2025 14:59,Tar,ดาเมจหายเยอะเลยนะ
21/1/2025 14:59,tem,มันให้เหนไวจัด55555555
21/1/2025 14:59,Bakezajab,น้องดาบใหญ่mc อเวน พี่sun ตี้นี้ดาบลงมันเว่อ
21/1/2025 14:59,kurumi,55555
21/1/2025 14:59,Tar,:cat-orange-whistling:
21/1/2025 14:59,Demonic,ต้านดีกว่าครับ โล่อเวนต้าน50แต่บอสผัวพันติดทุกรอบงงมาก5555
21/1/2025 14:59,Neo DarkSaber,อเวนอย่างเดียวมันต้านแค่50 แล้วไม่ใช่50/50จริงๆด้วยนะ เพราะมอนมีEHR
21/1/2025 14:59,Saltines,สิ่วที่แรงไม่ใช่ดาเมจโยมิ แต่เป็นดาเมจลูกด้วง 555
21/1/2025 14:59,NATO​ WORD​,LCอเวน
21/1/2025 14:59,Eastinn,ผมเล่นอเวนเอาบัฟอื่น รีจนมันไม่ทำสถานะอ่ะ555
21/1/2025 15:00,Bl4ckLotus,ค รั บ ลุ ง
21/1/2025 15:00,마유스미쨩,5555555
21/1/2025 15:00,Mina 🐧💙,ลุงก็พูดเกินไป
21/1/2025 15:00,Copy CH,555555
21/1/2025 15:00,Kanashi_Rose,ครับ พี่ฮูก
21/1/2025 15:00,Kirov Reporting,เด็กน้อยลูปที่เท่าไร 555
21/1/2025 15:00,_MikuKK_,LC มันทับกับอันติเจียวชิวปะ
21/1/2025 15:00,098- Natchapon,หวัดดีครับลุง
21/1/2025 15:00,Man ser,จิงลุง
21/1/2025 15:00,Tar,จ้า
21/1/2025 15:00,AluviZ,ลุง ลุง ลุง ลุง ลุง
21/1/2025 15:00,NATO​ WORD​,ลุงทอม 5555
21/1/2025 15:00,Janeiro,ครับ ลุง
21/1/2025 15:00,Thi-ma,ค รั บ ลุ ง
21/1/2025 15:00,GolfGab4554,จริงลุง
21/1/2025 15:00,【 TKM 】 sɪᴄᴢɪɴxᴛʜᴇx (Channel),ได้ครับลุง
21/1/2025 15:00,シャドウミラー (Shadow Mirror),เด็กน้อยร้ายขวบ ถถถ
21/1/2025 15:00,Suriyapol Sasivimollit,ได้ครับลุง
21/1/2025 15:00,Yai,ครับปู่ฮูก
21/1/2025 15:00,HiHine,จริงลุง
21/1/2025 15:00,Chopper CinnamonRoll,ลุงก็คือลุง
21/1/2025 15:00,Young Sville,ใช่ลุง
21/1/2025 15:00,วรินทร ถือพุดซา,จริงครับพี่ลุงฮูก
21/1/2025 15:00,Tusave โอกาเนะ,ตังเหงคิดถูก มีลูกแล้วก้เรียกลุงอะถูกแล้ว
21/1/2025 15:00,Xignos Sama พีคุง,ลุง
21/1/2025 15:00,Kanashi_Rose,จริงครับพรี่ ผมก็ว่างั้น
21/1/2025 15:00,Talay,ก็เรียกลูงดูเป็นคนที่มีวามน่านับถือดีอะ
21/1/2025 15:00,reaper,พีฮูก
21/1/2025 15:00,Bl4ckLotus,คนโดเนทเมื่อกี้หน้าม้าลุงป่ะครับ 55555
21/1/2025 15:00,LuckyMaster,ใช่ครับปู่
21/1/2025 15:00,OraOraOra,ไม่สบายเป็นไงบ้างฮะลุง
21/1/2025 15:00,Junejanai,จริงเลยลุงฮูก
21/1/2025 15:01,reaper,พี่เขายังไม่แก่ครับ
21/1/2025 15:01,khachen,ห้องนี้โคตรอวย the herta แบบจัดๆเลย
21/1/2025 15:01,NATO​ WORD​,เเต่เหนื่อย ฟันหลายครั้งเอาเรื่อง
21/1/2025 15:01,reaper,พี่เขาอายุยังไม่แก่กว่าพ่อผมเลย
21/1/2025 15:01,Saltines,แต่โยมิตีเบาหน่อย ด้วงต้านไฟฟ้า
21/1/2025 15:01,Xignos Sama พีคุง,จิงนะฮ้าฟฟู่วลุง
21/1/2025 15:01,vunsan,อยากได้พี่เจียวเลย เมื่อไรจะรีน้ออ
21/1/2025 15:01,NATO​ WORD​,เบรคได้ก็หวานเจี๊ยบละ
21/1/2025 15:01,reaper,หน้าก็ยังหนุ่มๆอยู่
21/1/2025 15:01,Big world’s problem,ลุง = น่าเคารพประมาณนี้ครับ555
21/1/2025 15:02,douchbag 2599,กันดีบัฟ สำคัญลุงตัวที่โดนพัวพัน จะโดน มอนย้ำจรตายเลยลุง มอยจะตีตัวที่ติด พัวพันก่อน
21/1/2025 15:02,Kirov Reporting,เห้ย คิดไปเอง
21/1/2025 15:02,Kirov Reporting,5555
21/1/2025 15:02,Ouga Okkotsu,ก็แก่จริง
21/1/2025 15:02,Tar,:face-blue-smiling: :face-blue-smiling: :face-blue-smiling:
21/1/2025 15:02,Thi-ma,ลุงมีลูกแล้วไง
21/1/2025 15:02,Neo DarkSaber,ก้แก่จริง
21/1/2025 15:02,Neo DarkSaber,55555555
21/1/2025 15:02,Tusave โอกาเนะ,แต่ลุงก้ไม่เด็กนะ
21/1/2025 15:02,MinG,ไม่ได้คิดงั้นนะ
21/1/2025 15:02,Bl4ckLotus,ก็ ลุ ง เ เ ก่ เ เ ล้ ว อ่ ะ
21/1/2025 15:02,Junejanai,ลุงรู้ทันซะแล้ว 
21/1/2025 15:02,RezzaOO,ฮฮ 3X 
21/1/2025 15:02,แก้มไงที่คลั่งรักเซียวอะ,:face-blue-smiling:
21/1/2025 15:02,KamiA,ใครล้อ ไม่มี
21/1/2025 15:02,Young Sville,ถ้าน่าเขาเคารพต้อง จารย์ฮุก
21/1/2025 15:02,Tar,โห ขนาดโดนเบรกไปแล้วนะน่ะ
21/1/2025 15:02,SUNG,หลิงชากับเฮอร์ต้าตัวไหนน่าเปิดกว่าครับ
21/1/2025 15:02,OraOraOra,เล่นเนื้อเรื่องมาจะอาทิตย์แล้วไม่จบสักที ถถถ
21/1/2025 15:02,tuff087,วัยรุ่นตอนปลาย
21/1/2025 15:03,ไอนาย,ท่านฮูก
21/1/2025 15:03,Pomegranede,อัลติสองรอบไม่ตาย แห้งอยู่นะ
21/1/2025 15:03,reaper,อายุประมาณพี่ผมเลยนะ
21/1/2025 15:03,DL Jinniez,อย่าบูลลี่ลุงดิแชท ถถถถ 55555
21/1/2025 15:03,NATO​ WORD​,ประชากรเเชท จะเจนไหนกันเรียกลุงๆ555555
21/1/2025 15:03,Kanashi_Rose,พิมพ์ คุณฮูก มันยาวเกิน พิมพ์ ลุง ถนัดกว่า
21/1/2025 15:03,Talay,งั้นเรียกว่าคุณละกัน:face-purple-wide-eyes:
21/1/2025 15:03,reaper,555
21/1/2025 15:03,NotRe,แมลงเหนียวเกิ๊นนน
21/1/2025 15:03,Cnx Cnx,เรียกพี่ฮู้กแล้วรู้สึกแปลกๆ
21/1/2025 15:03,Porpasu Smakit,1%
21/1/2025 15:03,Junejanai,1 ตลอดไป
21/1/2025 15:03,นอนน้อย,5.55556E+12
21/1/2025 15:03,Tar,:face-blue-smiling: :face-blue-smiling: :face-blue-smiling: :face-blue-smiling:
21/1/2025 15:03,Nánįkø Chan,1% ตลอดไปปห
21/1/2025 15:03,Porpasu Smakit,ดีนะที่แมลงบอม
21/1/2025 15:03,Talay,1%
21/1/2025 15:03,Porpasu Smakit,ถ้าไม่บอมนี่ค้างแน่
21/1/2025 15:03,reaper,ตอนแรกเรียกลุงตามแชท
21/1/2025 15:03,Tusave โอกาเนะ,แมลงมันแรง ระเบิดแรงกว่าอันติปาดอีก
21/1/2025 15:04,reaper,แต่คิดไปคิดมาเรียกพี่ดีกว่า
21/1/2025 15:04,reaper,:_HHHappy:
21/1/2025 15:04,Neo DarkSaber,ทีมนี้ดาเมจใส่บอสส่วนใหญ่มาจากลูกระเบิ ด 555
21/1/2025 15:05,IDK,เล่นกับโบเนี่ยดีสุดทีมนี้
21/1/2025 15:05,Junejanai,ตอนแรกก็เรียกพี่ แต่ไปมาต่อต้านไม่ได้เลยเข้าร่วม
21/1/2025 15:05,NATO​ WORD​,หลอด x3
21/1/2025 15:05,DIW thanaphat,lcลูก้าปะพี่
21/1/2025 15:05,Tar,ห้ะ
21/1/2025 15:05,Neo DarkSaber,เพล่าโล่หมด
21/1/2025 15:05,Yai,เดี๋ยวนะโดนดีงัดได้ไง
21/1/2025 15:05,RezzaOO,1500 ละ
21/1/2025 15:05,Porpasu Smakit,@DIW thanaphat คีบตุ๊กตา
21/1/2025 15:05,SINESTERA.​ 🥣,โล่อเวนบัคเรื่องอะไรหรอค่ะ
21/1/2025 15:05,Tar,ลุงแพ้50/50
21/1/2025 15:05,Neo DarkSaber,@Yai โล่มันหาย
21/1/2025 15:05,sticker,ต้านสถานะ อย่าให้มีโอกาสนะ มันเอาหมด
21/1/2025 15:05,Shogun Chan,Apocalyptic รอบนี้ไม่รู้ว่าคนอื่นคิดยังไง เเต่ผมใช้ท่านเฮอต้ากับเจดสนุกเลย555+
21/1/2025 15:06,Bl4ckLotus,โ ล่ เ เ ต ก
21/1/2025 15:06,ไอนาย,ใครติดสถานะทีนี่คือโดนยำจนตายอ่ะ555555
21/1/2025 15:06,Thi-ma,มอนชอบซ้ำอะ
21/1/2025 15:06,Yai,อ่อ โล่หมด555
21/1/2025 15:06,K I T S U N E,เปล่าได้ลุกเมื่อไหร่
21/1/2025 15:06,khachen,โล่บัคเรื่อง สกิลพรสรรค์ไม่ทำงานอ่ะครับ
21/1/2025 15:06,NATO​ WORD​,TOP5 จังหวะเสี่ยงตาย...
21/1/2025 15:06,PrinceZ,โล่แห่งอนุรักษ์บางเป็นกระดาษ
21/1/2025 15:06,Tar,ยาวไปๆ
21/1/2025 15:06,gajoon,โดนซ้ำซะ
21/1/2025 15:06,Kirov Reporting,มันเอาสุด
21/1/2025 15:06,Boy-T,พรุ่งนี้เหยาเข้าแล้วลุงงงง
21/1/2025 15:06,MinG,กะเอานอนเลยมอน555+
21/1/2025 15:06,Porpasu Smakit,เพล่าค้างนาน10วัน
21/1/2025 15:06,SUNG,หลิงชากับเฮอร์ต้าตัวไหนน่าเปิดกว่าครับพี่ฮุก
21/1/2025 15:06,Yai,ห้องนี้มอนโครตฉลาด ชอบซํ้าตัวติดดีบัพ
21/1/2025 15:06,Copter,โดนแล้วโดนอีก
21/1/2025 15:06,gajoon,กะเอาตุย
21/1/2025 15:06,Shogun Chan,เหมือนมันมีเทคนิคที่ล็อกตัวเดิม555+
21/1/2025 15:06,ไอนาย,ผมไม่รู้นะว่าผมคิดไปเองรึป่าว แต่ถ้าติดสถานะมันซ้ำเอาตายจริงลุง555555
21/1/2025 15:06,Neo DarkSaber,มันย้ำคนติดพัวพันอะสิ 5555
21/1/2025 15:06,douchbag 2599,มอนมันย้ำ ตัวที่ติเด พัวพันอะลุง 
21/1/2025 15:07,BombJR,มันล็อคซ้ำศพคนติดพัวพัน
21/1/2025 15:07,saintmikael X,มันจะซ้ำตัวติดดีบัฟ
21/1/2025 15:07,Dive Freedom,มันย้ำหัวคนที่ติดพัวพันครับ
21/1/2025 15:07,BB BOY,เพล่าหรือแท็งค์หยุน 555
21/1/2025 15:07,tmrtime.,ดาเมจe0 มันไม่พอจริง
21/1/2025 15:07,Bl4ckLotus,อนุรักษ์มีค่ายั่วยุเยอะนะทำไมเพล่าโดนเสิร์ฟหนัก 55555
21/1/2025 15:07,Tar,ลูกมันยังหนาเลย
21/1/2025 15:07,Shogun Chan,มันน่าจะมีเขียนนะเเบบตัวไหนสำคัญในทีมล็อคตัวนั้น555
21/1/2025 15:07,RezzaOO,1300
21/1/2025 15:07,YuukiKun [เฟริสท์],น่าจะเอาคืนตอนลุงตีอเวนแล้วได้แต้มเต๋ารอด:face-blue-smiling: :face-blue-smiling:
21/1/2025 15:07,Neo DarkSaber,@tmrtime. เพล่าไม่ได้ใส่lcลูก้าอะ ปัญหาตอนนี้
21/1/2025 15:07,Tar,ซึม
21/1/2025 15:07,Worachat Singtothong,โยมินานมากก
21/1/2025 15:07,SUNG,หลิงชากับเฮอร์้าตัวไหนน่าเปิดกว่าครับพี่ฮุก
21/1/2025 15:08,Neo DarkSaber,e0s1 ดาเมจจริงๆมันพอจบได้ห้องนี้
21/1/2025 15:08,Eastinn,ถ้าได้สาดก่อนรีอันติ
21/1/2025 15:08,ZeBra_zpn,ไม่ค่อยคริ
21/1/2025 15:08,Win,มอนมันชอบย้ำอะรอบนี้สังเกตุหลายครั้งละยิ่งตังติดพัวพันยิ่งโดนหนักเลย
21/1/2025 15:08,Shogun Chan,SUNG เเล้วเเต่ตัวในทีมว่าขาดตัวฮีลหรือดาเมจ
21/1/2025 15:08,MinG,เพลงฟังแล้วโยกตาม
21/1/2025 15:08,Porpasu Smakit,1%ไหม
21/1/2025 15:08,Tar,มันต้านไฟฟ้าด้วยแหละ
21/1/2025 15:08,NATO​ WORD​,จังหวะนี้ผมจะสวน5555
21/1/2025 15:08,Sparkbi,เพล่า ❌ เพแทงค์ ✅
21/1/2025 15:08,Tusave โอกาเนะ,ไม่แย่เลยนะอันนี้
21/1/2025 15:08,RezzaOO,น่าจะผ่านละ
21/1/2025 15:09,마유스미쨩,555555
21/1/2025 15:09,RezzaOO,ห้องล่างสบาย
21/1/2025 15:09,MythStyx,ครับ ลุงฮูก
21/1/2025 15:09,Kanashi_Rose,ค รั บ ปู่ ฮู ก
21/1/2025 15:09,Copter,สวัสดีพี่ลุงฮูกครับ
21/1/2025 15:09,Talay,นายฮูก
21/1/2025 15:09,Porpasu Smakit,ครับน้าฮูก
21/1/2025 15:09,Cara Muel,เรียกพี่ฮูกได้มั้ยครับ
21/1/2025 15:09,Big world’s problem,ว่าไง หลานฮูกเอ้ยยย...
21/1/2025 15:09,Neo DarkSaber,หลวงปู่ฮูก
21/1/2025 15:09,MinG,ดอมไม้ดำตีแล้วเพิ่มเบรก
21/1/2025 15:09,Tar,:cat-orange-whistling:
21/1/2025 15:09,MI KE,ปู่ฮูกครับ
21/1/2025 15:09,RezzaOO,เว้นว่าบอทปีศาจ
21/1/2025 15:09,PrinceZ,ผิดดอก 555
21/1/2025 15:09,NATO​ WORD​,ลุงฮูกROOM39😆😆
21/1/2025 15:09,Thi-ma,แหม ลุงฮูก เนียนเลยนะครับ
21/1/2025 15:09,Bl4ckLotus,ก ะ ก ะ ก า ว 
21/1/2025 15:09,Satang1707,บอสมันมีสกิลเป้าไปหาตัวที่โดนสตั้น มันเลยโดนตรีนรัวๆ
21/1/2025 15:09,OraOraOra,AS เป็นไงบ้างครับ
21/1/2025 15:09,tuff087,น้าฮูก
21/1/2025 15:09,Bl4ckLotus,นี่ไงทำไมถึงจะเรียกลุงไม่ได้ลืมขนาดนี้ 55555
21/1/2025 15:10,NATO​ WORD​,เบรคได้ มีสวน
21/1/2025 15:10,Byou_Ortis,ทวดฮูก
21/1/2025 15:10,Sparkbi,พะพะพะพะพะพิ ลุงฮูก 
21/1/2025 15:10,DL Jinniez,55555
21/1/2025 15:11,Thi-ma,ลุงเริ่มไป555
21/1/2025 15:11,Black Heart,55555
21/1/2025 15:11,Barry DeadAngel,5555
21/1/2025 15:11,Shogun Chan,เเต่สมัยนี้moc สายลิงอยู่ยากละ555+
21/1/2025 15:11,Bl4ckLotus,ลุ ง
21/1/2025 15:11,einsaway,ผิดฝั่งป่ะ
21/1/2025 15:11,SPITEKUNG,ดอกม่วงง
21/1/2025 15:11,Tar,หลอดเบรกเยอะจาดดด
21/1/2025 15:11,Silrin,555
21/1/2025 15:11,Khun_Patt,55555
21/1/2025 15:11,Ice Zaychik,เหมือนจะตีผิดดอกนะ555
21/1/2025 15:11,Maruo (Maruo),ละลุงตีดอกขวาไม
21/1/2025 15:11,Zora,ผิดดอก
21/1/2025 15:11,DL Jinniez,ดอกม่วงงงงง
21/1/2025 15:11,NineZz,น้องFFคอแห้งละผมว่า555
21/1/2025 15:11,Bl4ckLotus,ด อ ก สี ม่ ว ง
21/1/2025 15:11,AbsoluteZero,ดอกซ้ายสีม่วงเพิ่มเบรคนะลุง
21/1/2025 15:12,Icefrost1,กลับมาเล่นกี่รอบ เพลงก็มันส์เหมือนเดิม ชอบมาก
21/1/2025 15:12,DL Jinniez,55555555
21/1/2025 15:12,Young Sville,จะรั่ว
21/1/2025 15:12,Sid NL,muhehehe
21/1/2025 15:12,Khun_Patt,ดอกขวาช่วยอะไรอ่ะ
21/1/2025 15:12,NATO​ WORD​,ลุงกัล5 ดาว
21/1/2025 15:12,NotRe,1%
21/1/2025 15:12,Tar,:face-blue-smiling: :face-blue-smiling: :face-blue-smiling: :face-blue-smiling: :face-blue-smiling: :face-blue-smiling:
21/1/2025 15:12,Satang1707,1%
21/1/2025 15:12,Neo DarkSaber,1% อีกแล้ว
21/1/2025 15:12,Silrin,1%
21/1/2025 15:12,NineZz,หึหึหึหึๆ
21/1/2025 15:12,Kanashi_Rose,ไหวมั้ยลุง
21/1/2025 15:12,Talay,1%
21/1/2025 15:12,Tusave โอกาเนะ,ใช่ๆ แค่ดอกแรกก้พอแล้ว
21/1/2025 15:12,MMexxn.,ตลอดไป
21/1/2025 15:12,Porpasu Smakit,ต่อราคาอีกแล้วหรอ
21/1/2025 15:12,MinG,555+
21/1/2025 15:12,Peedee200,:_HHlol: :_HHlol: :_HHlol:
21/1/2025 15:12,Hdhrh Evvs,:_HHlol: :_HHlol: :_HHlol: :_HHlol: :_HHlol:
21/1/2025 15:12,K I T S U N E,:face-blue-smiling: :face-blue-smiling: :face-blue-smiling: :face-blue-smiling:
21/1/2025 15:12,Nánįkø Chan,ตลอดไปจริงๆ
21/1/2025 15:12,Twhale_12,ตาจะบอด
21/1/2025 15:12,sticker,1% again
21/1/2025 15:12,Hungry_Rice,here we go again
21/1/2025 15:12,Gaow J_J,ขำล้อไอเอง555
21/1/2025 15:12,Neo DarkSaber,1% ไม่ใช่ที่ไอดีแต่เป็นคน
21/1/2025 15:12,Bl4ckLotus,mr 1%
21/1/2025 15:12,Janeiro,1% ตลอดปัยยยย
21/1/2025 15:12,NATO​ WORD​,เตะมันลุง กัล
21/1/2025 15:12,Toni,:face-blue-smiling: :face-blue-smiling: :face-blue-smiling: :face-blue-smiling:
21/1/2025 15:12,AbsoluteZero,1% man ที่แท้ทรู
21/1/2025 15:12,Porpasu Smakit,ขอสติกเกอร์ 1%
21/1/2025 15:12,Bl4ckLotus,Uncle of 1%
21/1/2025 15:12,Tusave โอกาเนะ,ต่อไปเรียก ลุงฮู 1%
21/1/2025 15:12,E Ron musk,ผมคิดมาแล้วว
21/1/2025 15:12,DL Jinniez,ทั้งบนทั้งล่าง เอาไปเลย 1% Man
21/1/2025 15:13,Porpasu Smakit,ได้สติกเกอร์แล้วลุง1%
21/1/2025 15:13,Copter,1%
21/1/2025 15:13,Edelweiss,1% syndrome
21/1/2025 15:13,reaper,:_HHDied: :_HHDied:
21/1/2025 15:13,กเฬวราก,ผมก็โดนบ่อย เพราะเลือดมันเยอะขึ้นป่าว
21/1/2025 15:13,DarknessNoobie,aeon of 1%
21/1/2025 15:13,RezzaOO,เกมมันคำนวนมาแล้วเชื่อผม
21/1/2025 15:13,Porpasu Smakit,1%นาน 10 เดือน
21/1/2025 15:13,ไอนาย,ลุงฮูก ptsd 1%
21/1/2025 15:13,NATO​ WORD​,หลอดเบรคเยอะขึ้นป่าวครับเบรคเเตกยาก
21/1/2025 15:13,reaper,:_HHKummud: :_HHKummud:
21/1/2025 15:13,sixnon,1
21/1/2025 15:13,Copter,อย่างน้อยลุงก็มีคนอื่นที่เป็น1%manอีกคนนะเห็นผ่านๆในshort
21/1/2025 15:13,Tar,สติ๊กเกอร์มาผมลั่นเมม
21/1/2025 15:14,Kanashi_Rose,จริง นี่เคยเห็นต่างชาติที่เป็น 1% man เหมือนลุงเลอ
21/1/2025 15:14,Utsuro,1% PTSD ไม่เป็นไรครับมี MrPokke เป็นเพื่อนอยู่รายนั้นอย่างบ่อย
21/1/2025 15:14,Bl4ckLotus,รอประสาน Ruan mei ธาตุไฟอยู่นะรอทำ mono fire 5555555
21/1/2025 15:14,JanePraZA (Jane),555555
21/1/2025 15:14,MisterGe,5555
21/1/2025 15:14,RezzaOO,หมอนั่น PTSDจัด ทุกตัวทุกคอนเท้น
21/1/2025 15:14,DL Jinniez,Hehehehe 555555
21/1/2025 15:15,JanePraZA (Jane),คอๆ
21/1/2025 15:15,pandaInDy,หลอนเสียงไม่ไหวแล้ว 555555
21/1/2025 15:15,Janeiro,ไม่นะะ เมมหมด
21/1/2025 15:15,Yai,ลุงดูไม่ไหวจริงๆละ555
21/1/2025 15:15,Young Sville,เดี๋ยวถ้าคอแตกนะ
21/1/2025 15:15,reaper,:_HHHappy: :_HHHappy:
21/1/2025 15:15,RezzaOO,พอไหมหว่า
21/1/2025 15:15,Black Heart,การแก้แค้น
21/1/2025 15:15,YuriHanasono,แก้แค้น 55555555555555
21/1/2025 15:16,さくら,โว้ว
21/1/2025 15:16,RezzaOO,จะครบ 6600 ไหม
21/1/2025 15:16,saintmikael X,ตะกี๊อะไรแว๊บๆ ลุงกัล
21/1/2025 15:16,Silrin,ห้ะ
21/1/2025 15:16,MMexxn.,ลุงง55555555555
21/1/2025 15:16,Bunyakorn //,แรงมากก็
21/1/2025 15:16,tuff087,ไม่ใช่บัคใช่มะเสียงร้องอะ
21/1/2025 15:16,Yukidesuuu,เป็นล้านเลยหรอพี่
21/1/2025 15:16,Khun_Patt,ลุงกัล 1M
21/1/2025 15:16,Yai,จบ แยกย้ายๆ
21/1/2025 15:16,Tar,เฟื่องฟูแบบใด
21/1/2025 15:16,NATO​ WORD​,ปาาาาดดลุงกัล5ดาว 1ล้าน
21/1/2025 15:16,Magnifizent FX,งง กะดอกบัว ขอแมคค่นิกตีแพททาเลียแบบคร่าว ๆ ได้มั้ยครับ
21/1/2025 15:16,Donz,เดี๋ยวนะ ลุงกัลล้านนึง...
21/1/2025 15:16,Pomegranede,หลอดเบรกไง
21/1/2025 15:16,Junejanai,ล้านใช่มะ ล้านแน่นะ
21/1/2025 15:16,Kirov Reporting,เกือบไม่ถึง 6600
21/1/2025 15:16,Bl4ckLotus,ร่างมืดจบิง
21/1/2025 15:16,Tkdragon,แปลกๆนะ คาราล้านนึงแต่ FF 7 แสน เชี้ยไรวะหนะ
21/1/2025 15:16,Mazino,หวัดดีครับลุง
21/1/2025 15:16,Pomegranede,ถ้าfireflyเป็นคนbreakน่าจะปาไป2 
21/1/2025 15:16,Mina 🐧💙,ลุงกัล5ดาว
21/1/2025 15:16,Kanashi_Rose,ไม่น่าล้อลุงเลย โดน1%เหมือนกัน
21/1/2025 15:16,Talay,แมะแมะแมะ
21/1/2025 15:17,pandaInDy,อ่าวนี้ไงผมไม่อ่านตีสีเหลือง 555
21/1/2025 15:17,วันเฉลิม เมืองประทุม,พี่ครับเพื่อนผมมันดูดบุหรี่ตอนนี้เสียเเล้วครับ มันดูดใกล้งูจงอาง
21/1/2025 15:17,Kirov Reporting,exo-toughness
21/1/2025 15:17,NotRe,ถ้าFFมะกี้2ล้านได้เลยนะ :_HHlol:
21/1/2025 15:17,Khun_Patt,แล้วดอกไม้เหลือง ทำไรได้อะ
21/1/2025 15:17,Copter,อีกแล้วหรอ
21/1/2025 15:17,Tar,☝️🤓
21/1/2025 15:17,DL Jinniez,แฮ้ะแฮะแฮะแฮ่ะ แฮร่ 55555
21/1/2025 15:17,Kirov Reporting,นั่น
21/1/2025 15:17,NATO​ WORD​,ลุงต้องกินน้ำร้อนเเล้วละ
21/1/2025 15:17,Mina 🐧💙,ตั้งแต่ขำ ก็ไอเลย 5555
21/1/2025 15:17,sticker,:_HHShocked: :_HHShocked: :_HHShocked:
21/1/2025 15:17,Kirov Reporting,โรคภัยติดไม่หยุด
21/1/2025 15:17,Silrin,55555
21/1/2025 15:17,NoCoupleForMe,หวัดที่ดี คือหวัดดีเคื้บ
21/1/2025 15:17,einsaway,ภูมิแพ้ป่าว ช่วงนี้pmมา
21/1/2025 15:18,SPITEKUNG,วนลูป
21/1/2025 15:18,Peedee200,:_HHHmmm: :_HHHmmm:
21/1/2025 15:18,RezzaOO,พรี่ฮูกคับ ห้องบนไม่มีตัวตีหมู่เล่นยังไงดี
21/1/2025 15:18,AluviZ,ไม่หรอก คิดไปเอง
21/1/2025 15:18,RanMeow,ผมก็ติดเมียครับ
21/1/2025 15:18,NotRe,ติดลูปหรอลุง :_HHShocked:
21/1/2025 15:18,OliverOng,ทำลายล้างเล่นลุงไง ฮึๆๆฮือออ
21/1/2025 15:18,Waiting for you,กินยาดักไว้มั้ย
21/1/2025 15:18,K I T S U N E,วนลูป
21/1/2025 15:18,Copter,วงจรอะไรครับนี่
21/1/2025 15:18,NATO​ WORD​,ทำไมมีเสียงเด็ก
21/1/2025 15:18,tuff087,ไปเลียนเสียงเยอะเกินอะ
21/1/2025 15:18,NATO​ WORD​,เเม้ะๆ
21/1/2025 15:18,SUPER S4DMASTER,แน่นอน
21/1/2025 15:18,DL Jinniez,ใช่ ลุงไม่ได้ติดเชื้อเมียนะ แต่ลุงติดเมียมากกว่า 555
21/1/2025 15:18,Kirov Reporting,ภูมิแพ้บอก แปะมือสลับคิวโรค
21/1/2025 15:18,Chopper CinnamonRoll,นอนเยอะๆ
21/1/2025 15:18,Kirov Reporting,555
21/1/2025 15:18,saintmikael X,ฮี่ฮี่ฮี่
21/1/2025 15:18,jomons064,โยมิยังเก่งอยู่ไหมคะ
21/1/2025 15:19,Infz Regz,อาจจะฝุ่น
21/1/2025 15:19,NATO​ WORD​,โยมิต้องคู่เจียวชิลเท่านั้น55555
21/1/2025 15:19,Neo DarkSaber,เปราะบางเยอะๆ แล้วกีกี้ระเบิดใส่บอสแรงด้วยนะ
21/1/2025 15:19,RezzaOO,พรี่ฮูกคับ ห้องบนไม่มีตัวตีหมู่เล่นยังไงดี
21/1/2025 15:19,Tar,:face-blue-smiling:
21/1/2025 15:19,Neo DarkSaber,โยมิบนผมได้3503
21/1/2025 15:20,tuff087,Ba 3.5ปีลุงมาไหมฮะ
21/1/2025 15:20,Kirov Reporting,หนาวเฉยๆ ไม่ได้ ทำไมต้องมีฝุ่นตามมาด้วย เห้อ
21/1/2025 15:20,คนไม่สวยไม่มั่นหน้าไม่มั่นใจกลัว,ฝุ่นเยอะมากค่ะตอนเช้าระดับสีม่วงเลย
21/1/2025 15:20,Neo DarkSaber,e0s1+jiaoqiuนะ
21/1/2025 15:20,NATO​ WORD​,ค่าฝุ่นเยอะมากครับ 100+มั้ง
21/1/2025 15:20,Tar,:person-turqouise-waving:
21/1/2025 15:20,MayMine ,ควรปั้น4ดาวตัวไหนมาตีดีหว่า
21/1/2025 15:20,Utsuro,อยากเห็น Lingsha + Fugue + Sunday + Ruan Mei ครับ
21/1/2025 15:20,Film Kth,ผมยังเปิดตัวใหม่ไม่ได้เลย
21/1/2025 15:21,RezzaOO,ห้องบนไม่มีตัวตีหมู่เล่นยังไงดี
21/1/2025 15:21,Kanashi_Rose,ได้หรอครับ
21/1/2025 15:21,NATO​ WORD​,3.0 เปิดเลย ตัวดาเมจที่จะเข้ามา5ดาวปังเเน่
21/1/2025 15:21,Skynezz,+
21/1/2025 15:21,Last Jay,Welcome to ฮูกน้อย!
21/1/2025 15:22,MayMine ,ได้ฮะเดะไปไล่ดู
21/1/2025 15:22,OraOraOra,เล่นหยุดๆเนื้อเรื่องมาจะอทิตย์แล้วยังไม่ได้สู้กับบอสเนื้อเรื่องสักที ยาวจัด 5555
21/1/2025 15:22,ZodiusZ Ch,สำหรับพี่ Aglaea น่าเปิดกว่า ท่านhertaมั้ยครับ
21/1/2025 15:22,DL Jinniez,คิดไม่ออกบอก เปล่าา
21/1/2025 15:22,NATO​ WORD​,คนบ้านได๋55555
21/1/2025 15:22,Neo DarkSaber,ก็ สวัสดีครับ สวัสดีค่ะ ไงลุง
21/1/2025 15:22,Porpasu Smakit,หวัดดีจะโดนพ่อแม่เฉ่งอะดี ต้องหวัด A
21/1/2025 15:22,KamiA,555555
21/1/2025 15:23,Prozitive,แก้ปัญหาด้วย E1 ครับ 
21/1/2025 15:23,NATO​ WORD​,ภาพอาเจนเเบบนั้นเเหล่ะ
21/1/2025 15:23,Tar,แพคต่อไปเป็นบอสยืนตัวเดียว:face-blue-smiling: :face-blue-smiling:
21/1/2025 15:23,Toujours Blackrose,จริง
21/1/2025 15:23,Tomo Stylus,ลุงครับ e1 herta กับ jade อันไหนดีกว่าอ่ะ herta ผมมี s1 แล้ว
21/1/2025 15:23,Neo DarkSaber,แพทนั้นเขาอวยไฟฟายมากกว่าด้วยแหละ
21/1/2025 15:23,RezzaOO,แพทนี้ ปัญญา ชนะทุกสิ่ง
21/1/2025 15:23,Neo DarkSaber,เจดก็เลยซึมไปเลย พอdevหนักอวยไฟฟาย
21/1/2025 15:23,Noniya,คนที่ไม่เติมเพชรแบบผมบอกเลยว่าฟาร์มกันทั้งวัน ใช้ 5 วันกว่าจะได้ท่าน Herta เดี๋ยวผมต้องไปฟาร์มอีกเพื่อเปิดอาวุธของ ท่าน Herta อีก
21/1/2025 15:23,Barry DeadAngel,จริง ตอนเจด มาแรกๆเลย
21/1/2025 15:23,MR_Cha,ทำไมต้องเป็นรูป ลุงเสียแขนอะ55
21/1/2025 15:23,Gukbcsf Vgutdd,ลุงผมมี ท่านเห้อตรา แต่ไม่มีเจด เล่นกับฮีมิโกะกับโบเนียได้ไหมครับ หรือเล่นกับ เห้อตร้า4ดาวดีครับ
21/1/2025 15:23,Satang1707,ตอนนั้นด่าอะไรหรอลุง ผมไม่ได้ตามเรื่องเจด
21/1/2025 15:23,Toujours Blackrose,เมนเจดเศร้ามากตอนนั้น แต่ตอนนี้แฮปปี้สุด ตั้งแต่แพชท์แรปป้ามาคือมอนห้าตัวเต็มไปหมด ฟริน 
21/1/2025 15:23,Tusave โอกาเนะ,เราไม่ด่านะ แต่ไม่กดมันไม่ทัดใจ
21/1/2025 15:23,NATO​ WORD​,ตามยุคตามสมัยละเนาะ 3.0ขึ้นไปหน้าลงทุนมากๆ
21/1/2025 15:23,tuff087,ลุงคิดว่า her ตอนนี้pwc ไวเกินไปไหมครับเห็นคอมมูบ่นกันเยอะ
21/1/2025 15:23,MMexxn.,เจดเหงาจริง 
21/1/2025 15:24,draze,ผู้เล่นใหม่ เวล20ครับ เปิดได้hertaมา เปิดอะไรต่อดีครับ
21/1/2025 15:24,Utsuro,อยากรู้ความสามารถของ Castorice จังเลย
21/1/2025 15:24,lc_petch,มาทุกไลฟ์ 5555
21/1/2025 15:24,Tar,อ๊ะไร๊
21/1/2025 15:24,Kaijeaw,ลุงตอนนี้เราสามารถคุยaglaea ได้มั้ยเพราะเนื้อเรื่องปัจจุบันมีเกมเพลย์ให้เล่น
21/1/2025 15:24,Neo DarkSaber,@draze รอเปิดตัวบัพ
21/1/2025 15:24,khachen,ระหว่าง lingsha กับ robin E1 คุณก็จะเลือก lingsha ก่อนใช่เปล่าครับ ?
21/1/2025 15:24,DL Jinniez,อะไรวะนะ โดเนท 5555
21/1/2025 15:24,NepCKBM,ดีเลยลุงงง
21/1/2025 15:24,Tusave โอกาเนะ,ตี้ดอทเราเล่นแล้วจบไม่ทัน ไม่รู็ว่าของไม่มีหรือแค่เล่นไม่ดีเอง
21/1/2025 15:25,DIW thanaphat,ทำไมได้ยินเสียงทีมงานร้องไห้
21/1/2025 15:25,ไอนาย,สรุป CE จะยังอยู่ใช่มั้ยลุง
21/1/2025 15:25,NATO​ WORD​,ทีมงานเพิ่มเราะครับ
21/1/2025 15:25,Jello,เปิดใครดีนะ
21/1/2025 15:25,Neo DarkSaber,ซีรีส์แพทนี้ลงทุนกับใครดี
21/1/2025 15:25,Tusave โอกาเนะ,ดูมีคลิปเยอะนะ ทำไหวหรอ
21/1/2025 15:25,Utsuro,ได้ CE server ZZZ ไหมครับ
21/1/2025 15:25,Venzellist,เช็คด้วยนะจ๊ะ 5555
21/1/2025 15:25,Dozer,:_HHHi: :_HHHi: :_HHHi:
21/1/2025 15:25,Celestz,@HookHuukGaming ไปเช็คเมลเลย รูริบอกมาแล้ว
21/1/2025 15:25,pasta,speed sundayผม131 herta140 แต่sundayได้เล่นก่อน เป็นเพราะอะไรครับ
21/1/2025 15:25,Copter「coptawat」,เซฟตังท่าน
21/1/2025 15:25,Copter,ตังพอมั้ยนะ
21/1/2025 15:25,Mina 🐧💙,ตังใครนะ 555
21/1/2025 15:25,NATO​ WORD​,สายฟรีครับ5555
21/1/2025 15:25,ART TONOE,ลงตังค์กับใครดี 
21/1/2025 15:25,Kirov Reporting,แน่นะ
21/1/2025 15:25,Kirov Reporting,5555
21/1/2025 15:25,DL Jinniez,จะโดนบิดมั้ยนะ CES
21/1/2025 15:26,Tar,:text-green-game-over:
21/1/2025 15:26,Thi-ma,ลงตัวค์กับใครดี
21/1/2025 15:26,Sithipon Saisud,คุ้มเงินไหมนะ
21/1/2025 15:26,Peedee200,:_HHExcited: :_HHExcited:
21/1/2025 15:26,Kirov Reporting,ไหๆ คุนโด
21/1/2025 15:26,Tusave โอกาเนะ,รู้พร้อมกัน ตื่นเต้น
21/1/2025 15:26,Neo DarkSaber,ซีรีส์ 3.0นี้ลงทุน/เปย์ตังใครดี
21/1/2025 15:26,Venzellist,เรียบร้อย
21/1/2025 15:26,Venzellist,5.55556E+14
21/1/2025 15:26,Copter「coptawat」,โยนตังให้ใครดี
21/1/2025 15:26,Porpasu Smakit,รึเปล่า
21/1/2025 15:26,tmrtime.,Junk mail ป่าว
21/1/2025 15:26,Kirov Reporting,เส้าจาย
21/1/2025 15:26,tmrtime.,รีเฟรชๆ
21/1/2025 15:26,Lugh- Sama,:_HHShocked: :_HHShocked:
21/1/2025 15:26,แก้มไงที่คลั่งรักเซียวอะ,:face-orange-biting-nails:
21/1/2025 15:26,einsaway,อ่าว
21/1/2025 15:26,Gaptz,เรียบร้อยอด
21/1/2025 15:26,Tusave โอกาเนะ,รีๆๆๆ
21/1/2025 15:26,Neo DarkSaber,ได้เวลาทวงอีกแล้วสินะ
21/1/2025 15:26,famza Bazooka Life,ทำไมบางคนเปิด E 6 แล้วบอกว่าสายฟรี
21/1/2025 15:26,Kanashi_Rose,เสียตังค์มั้ยนะ?
21/1/2025 15:26,tuff087,ถังขยะอะ
21/1/2025 15:26,Tusave โอกาเนะ,เราได้รอบหน้าเปล่า
21/1/2025 15:26,reaper,:_HHGoldHand:
21/1/2025 15:26,tmrtime.,Junk ก็ไม่มีช้ะ
21/1/2025 15:27,Copter,เมลบางอันสำคัญๆชอบลงถังขยะ
21/1/2025 15:27,Reynold,ยากจังลุงรอบนี้
21/1/2025 15:27,Tar,ซีรีย์เก็บตังค์ไว้กินข้าวเหอะ:face-blue-smiling:
21/1/2025 15:27,Lucky P.,ชื่อซีรี่ ตังน้อยสอยอะไรดี
21/1/2025 15:27,Tusave โอกาเนะ,C6 ต้องอดทนนะ อดทนมากที่จะไม่กดกาชา
21/1/2025 15:27,tmrtime.,CE เกมไรนะอันนี้
21/1/2025 15:27,Copter,หรือยังไม่ถึง
21/1/2025 15:27,NATO​ WORD​,สงสารเเขน55555
21/1/2025 15:27,RezzaOO,สรุป ( ไม่ให้) 
21/1/2025 15:27,Kirov Reporting,คอไม่ไหวจริง
21/1/2025 15:27,Tusave โอกาเนะ,เก็บตลอด 365 วันยังไงก้ทัน
21/1/2025 15:27,Regression,ลองทีมอะไรไปบ้างแล้วครับลุง
21/1/2025 15:28,NineZz,ไม่ต้องอะไรมีช่อง YouTube คนไทยนี่แหละเปิดโยมิE6สายฟรี
21/1/2025 15:28,pasta,speed sundayผม131 herta140 แต่sundayได้เล่นก่อน เป็นเพราะอะไรครับ
21/1/2025 15:28,Skynezz,มีเจียวชิวนะครับถ้าจะเปลี่ยนห้องล่าง
21/1/2025 15:28,Noname,ce เป็นเซิฟเทสให้เล่นก่อนครับ
21/1/2025 15:28,NATO​ WORD​,โยมิดอท
21/1/2025 15:28,Dodorothy,จิงหลิวยังไหวมั้ยคะ คิดถึงนาง
21/1/2025 15:28,Kaijeaw,ตอนนี้เราคุยaglaea ได้นิดนึงมั้ยเพราะในเนื้อเรื่องปัจจุบันมีให้เล่นเกมเพยล์
21/1/2025 15:28,RezzaOO,ทำให้ ATK ของผู้สวมใส่เพิ่มขึ้น 16% เมื่อเข้าสู่การต่อสู้ หากมีตัวละครฝ่ายเราสองตัวขึ้นไป ที่อยู่ใน Path เดียวกัน Path ใดก็ได้ จะทำให้ DMG คริติคอลของตัวละครเหล่านี้ เพิ่มขึ้น 16% (หน้ามีนา)
21/1/2025 15:28,Thi-ma,จิงหลิวต้องมีซันเดย์อะครับ
21/1/2025 15:29,Copter,มีให้เล่นด้วยหรอ
21/1/2025 15:29,Copter,อ้อมี
21/1/2025 15:29,DL Jinniez,รอลุงพูด แฮ้ะแฮ่ะแฮะแฮ่ะ แฮ่ ยุ่นะคะ 5555
21/1/2025 15:29,_Tsuzaki,ลอง Jingliu sunday บนมาละ ค่ตเหนื่อย55555555
21/1/2025 15:29,Tusave โอกาเนะ,จิ่งหลิวสายฟรีนี่คือ น่าจะนอนไปนานละ
21/1/2025 15:29,Utsuro,เรียกน้องได้ด้วยหรอครับ 55
21/1/2025 15:29,Kirov Reporting,:_HHlol: :_HHlol:
21/1/2025 15:29,Neo DarkSaber,บุทฮิลบนครับ นิโอะรับประกัน
21/1/2025 15:29,แก้มไงที่คลั่งรักเซียวอะ,ตั้งแต่ล้อมอนก็คอพัง 5555
21/1/2025 15:29,khachen,อายุแก่ขนาดนั้นแล้ว เรียกร้องเลยเหรอครับ ฮ่าๆ ?
21/1/2025 15:29,Dodorothy,สปาร์คเคิลเป็นไงบ้างคะลุง ซันเดย์ดูเก่งกว่าเยอะมาก
21/1/2025 15:29,Neo DarkSaber,รับประกันว่าเหนื่อย
21/1/2025 15:29,Tar,พี่เบลดน่าสงสารสุด:eyes-purple-crying:
21/1/2025 15:29,khachen,* เรียกน้อง
21/1/2025 15:30,Kirov Reporting,หลอด toughness มันหนากว่าเก่าปะ
21/1/2025 15:30,Utsuro,ไม่แตก
21/1/2025 15:30,Kirov Reporting,หรือคิดไปเอง
21/1/2025 15:30,Kanashi_Rose,ไม่หัวเราะสู้แล้วหรอคะ
21/1/2025 15:30,Copter,1%แมน
21/1/2025 15:30,NATO​ WORD​,ยาววววไปๆ
21/1/2025 15:30,Tusave โอกาเนะ,55555
21/1/2025 15:30,Sarun Nilsom,ลุงๆ LC Feixiao กับอาไกลอา เปิดอะไรดี
21/1/2025 15:30,OJiーおじ,Hyper carry:eyes-purple-crying: :eyes-purple-crying: :eyes-purple-crying: :eyes-purple-crying:
21/1/2025 15:30,Thi-ma,ลุงต้องขำสู่
21/1/2025 15:30,Tendo Soji,ลุงครับ ทีมherta ถ้าใส่ตัวปัญญาไปเพิ่ม ระหว่าง hertaน้อยกับผserval ลุงเชียร์อะไรมากกว่ากัน
21/1/2025 15:30,NotRe,ซึม
21/1/2025 15:30,saintmikael X,ลืมสินะ
21/1/2025 15:30,NATO​ WORD​,โยมิห้องล่างเหนื่อยครับ
21/1/2025 15:30,Tar,หนัก
21/1/2025 15:30,TAWANAHt,หนักจัดๆ
21/1/2025 15:31,Tusave โอกาเนะ,สู้ชีวิตทีมดอท
21/1/2025 15:31,Thi-ma,โยมิไม่มีพี่หม่่ล่าอย่างเหนื่อยอะห้องล่าง
21/1/2025 15:31,Utsuro,จากสภาพน่าจะยากจัด
21/1/2025 15:31,Krit Jarusarn,เริ่มเล่นใหม่ 3.0 the herta e2 พอแล้วไหมครับ
21/1/2025 15:31,Tar,เมื่อไหร่ดอทใหม่จะมา:eyes-purple-crying:
21/1/2025 15:31,RezzaOO,ห้องบนสำหรับคนไม่มีตัวตีหมู่ เล่นตัวไรดีฮะ ห้องล่างเป็น brake FF เหลือตี้5 ดาวเป็น FUA หมูช็อคชิบ
21/1/2025 15:31,kurumi,จากที่ผมลอง jingliu ผมมี ปจต ก็ผ่านไหวอยู่ ตัวซัพมีครบ e0 แต่ของจะโหดหน่อย
21/1/2025 15:31,Sarun Nilsom,ลุงๆ LC Feixiao กับอาไกลอา เปิดอะไรดี
21/1/2025 15:32,白 Shiro,นั่นน่ะสิ
21/1/2025 15:32,Tanachai,แชทห้องล่างลุงลองนายพล Feixiao ไปยัง
21/1/2025 15:32,白 Shiro,เหมือนต่อแถวมาถามเรียงคนเลย
21/1/2025 15:32,Thi-ma,รอเจ๊เข้าตู้ก่อนนะ ช่องนี้ไม่คุยลีค55
21/1/2025 15:32,Barry DeadAngel,ลองแล้ว เฟย
21/1/2025 15:32,reaper,ไม่รู้ว่าเก่งไหมแต่เมียใหม่ผมแน่นอน
21/1/2025 15:32,さくら,พูดทุกไลฟ์😂
21/1/2025 15:32,tuff087,เอาน่าลุงคนมาใหม่น่าจะเยอะ
21/1/2025 15:32,Donz,มาปั่นป่าววะ
21/1/2025 15:32,Noname tofill,ไปกี่ไอดีละลุงง
21/1/2025 15:32,白 Shiro,พูดทุก 5 นาที
21/1/2025 15:33,Tendo Soji,ลุงครับ ทีมherta ถ้าใส่ตัวปัญญาไปเพิ่ม ระหว่าง hertaน้อยกับผserval ลุงเชียร์อะไรมากกว่ากัน
21/1/2025 15:33,Kirov Reporting,ขาจรมั้ง
21/1/2025 15:33,Dodorothy,สปาร์คเคิลยังไหวมั้ยคะ ดูโดนพาเวอร์ครีพมากก
21/1/2025 15:33,Kanashi_Rose,วงวาร พูดทุกไลฟ์
21/1/2025 15:33,Maid2xx,เหลือไว้ทำไม
21/1/2025 15:33,白 Shiro,5.55556E+12
21/1/2025 15:33,Black Heart,1%
21/1/2025 15:33,AbsoluteZero,1% man
21/1/2025 15:33,トニー,:face-blue-smiling: :face-blue-smiling: :face-blue-smiling: :face-blue-smiling: :face-blue-smiling: :face-blue-smiling: :face-blue-smiling: :face-blue-smiling:
21/1/2025 15:33,saintmikael X,จ่ายแล้ว 1 ......... 
21/1/2025 15:33,TAWANAHt,1%
21/1/2025 15:33,Tusave โอกาเนะ,ตัวดามเมจยุคใหม่ก้ก็เเรงกว่ายุคเก่าหละ แต่แรงกว่าแค่ไหนเอง
21/1/2025 15:33,YuKi,:face-blue-smiling: :face-blue-smiling: :face-blue-smiling:
21/1/2025 15:33,sixnon,1
21/1/2025 15:33,TAE 15tk,5555
21/1/2025 15:33,Yukidesuuu,1
21/1/2025 15:33,MinG,555555
21/1/2025 15:33,Twhale_12,1% Forever
21/1/2025 15:33,x4869x,1%อีกละ555555
21/1/2025 15:33,RezzaOO,1
21/1/2025 15:33,kanazero toon,1
21/1/2025 15:33,CHEGSz,1
21/1/2025 15:33,MI KE,55555555
21/1/2025 15:33,DL Jinniez,5555554
21/1/2025 15:33,โอโจ้จัง 🌈☀️,1%
21/1/2025 15:33,MMexxn.,Curse ทุกไอดี 5555555555555555
21/1/2025 15:33,Ice Zaychik,ตลอดไป 555
21/1/2025 15:33,NotRe,หึหึหึ
21/1/2025 15:33,Jaiza,:_HHlol: :_HHlol:
21/1/2025 15:33,Kanashi_Rose,ต้องมีแล้วแหละ สติ๊กเกอร์
21/1/2025 15:33,Utsuro,0.10%
21/1/2025 15:33,Copter,ตำนาน1%
21/1/2025 15:33,saintmikael X, 1 percent man
21/1/2025 15:33,Tusave โอกาเนะ,อีกแล้วหรอ
21/1/2025 15:33,Barry DeadAngel,1% 5555+
21/1/2025 15:33,トニー,1%
21/1/2025 15:33,RanMeow,ทำเสื้อ 1% ขายไหมครับ
21/1/2025 15:33,Yai,ลุงเล่น=1%
21/1/2025 15:33,Xe_OnNide,1%ตลอดไป
21/1/2025 15:33,RezzaOO,ห้องบนสำหรับคนไม่มีตัวตีหมู่ เล่นตัวไรดีฮะ ห้องล่างเป็น brake FF เหลือตี้5 ดาวเป็น FUA หมูช็อคชิบ
21/1/2025 15:33,NATO​ WORD​,ห้องเเอดไม่คุย ข้อมูลลับสุดยอดนะครับ เก็บไว้ก่อน
21/1/2025 15:33,Kirov Reporting,@Tendo Soji ดูคลิปท่าน herta ของลุงได้เลยครับมีบอกแล้ว
21/1/2025 15:33,DL Jinniez,ทำสติ๊กเกอร์เถอะลุง 555555
21/1/2025 15:33,Kirov Reporting,!theherta
21/1/2025 15:33,Nightbot,เปิดมั้ยนะ The Herta : https://youtu.be/auLY-xcV8fg
21/1/2025 15:33,Thi-ma,ทำไมลุงตั้งใจให้เหลือ1%ตลอดเลยอะ:face-blue-smiling: :face-blue-smiling:
21/1/2025 15:33,einsaway,emanator of 1%
21/1/2025 15:33,nightmare 13_666,Pathstrider of path 1%
21/1/2025 15:33,อลงกรณ์,มอนมันมีกันตายเหรอ เหลือ1 บ่อยมาก😁😁😁😁
21/1/2025 15:33,Tendo Soji,ลุงครับ ทีมherta ถ้าใส่ตัวปัญญาไปเพิ่ม ระหว่าง hertaน้อยกับผserval ลุงเชียร์อะไรมากกว่ากัน
21/1/2025 15:34,Chopper CinnamonRoll,ฮูก 1%
21/1/2025 15:34,Ch Be,เวลาเหลือ ๆ 
21/1/2025 15:34,Xe_OnNide,หมี:ยัง1%อยู่อีกหรอ ลุง:ตลอดไป
21/1/2025 15:34,NATO​ WORD​,เบรคได้ก็โอละ
21/1/2025 15:35,rekt arduno,MOC Serval PF Herta
21/1/2025 15:35,jiyudesu,นี่ตอนเล่นไม่ได้เคลียดอกบัวเลย ตีแค่อันเดียวให้จุดอ่อนเปิดละยัดบอสอย่างเดียว แต่แล้วแต่ของด้วยอะ
21/1/2025 15:35,DL Jinniez,ล่างสิ
21/1/2025 15:35,Tar,ล่างนิ
21/1/2025 15:35,Tusave โอกาเนะ, เมื่อไรโยมิจะได้พักนะ เก่งตลอดมาจริงๆ
21/1/2025 15:35,Copter,1%
21/1/2025 15:35,Black Heart,7%จัดไป
21/1/2025 15:35,Ch Be,1%
21/1/2025 15:35,NATO​ WORD​,ว้าว ไวกว่าบน
21/1/2025 15:35,Kirov Reporting,เกือบ
21/1/2025 15:35,Kirov Reporting,19 คะแนน
21/1/2025 15:35,Kirov Reporting,555
21/1/2025 15:35,Thi-ma,ลุงกัลตีเป็นแสนเลยเหรอ
21/1/2025 15:35,Dodorothy,ปาร์คเคิลยังไหวมั้ยคะ ดูโดนพาเวอร์ครีพมากก
21/1/2025 15:35,Prozitive,เห้ยผ่าน
21/1/2025 15:36,TAWANAHt,เกือบไม่พอ
21/1/2025 15:36,HellHex,ถามลุงปอมปอมลร่างหุนยนหน่อยครับ
21/1/2025 15:36,SoNyx,ทำห้องละ4000แต้มได้ไหมครับ อยากเห็น
21/1/2025 15:36,tmrtime.,อยากดูแรปป้า
21/1/2025 15:36,saintmikael X,เหลือยุนรี่แหละ
21/1/2025 15:36,Dodorothy,ปาร์คเคิลยังไหวมั้ยคะ ดูโดนพาเวอร์ครีพมากก
21/1/2025 15:36,Tar,โห เกินมาแค่19
21/1/2025 15:36,MMexxn.,พักผ่อน พน zzz อีก
21/1/2025 15:36,Ch Be,ฝันดีครับๆ ๆ 
21/1/2025 15:36,MI KE,ไปล่อเจ้ไว้เยอะ
21/1/2025 15:36,BallS SL,จะทำ How to MC ความทรงจำมั้ยครับ
21/1/2025 15:36,Copter,วันนี้ไม่มีโดเนทร้องเพลงมาหรอเนี่ย
21/1/2025 15:36,Utsuro,เมื่อไหร่จะมีตัวใหม่ๆมาให้เบรดเล่นดเวย
21/1/2025 15:36,Satang1707,yunli มีบัพกันต้านสถานะด้วย ยืนชิวๆ
21/1/2025 15:36,Kirov Reporting,555
21/1/2025 15:36,Schwartz vald,rappaคือห้องไหนก็ได้ 55
21/1/2025 15:37,Gaptz,นึกว่าลุงจะไปอ่าน Lore ให้ฟัง
21/1/2025 15:37,saintmikael X,อันนั้นแหละ
21/1/2025 15:37,HiHine,ระหว่าง จูหยวน มิยาบิ แอสตร้าเหยา ลุงคิดว่าเสือ WISE จะเลือกใครงับ
21/1/2025 15:37,NATO​ WORD​,บ่ต่่งมากนะ
21/1/2025 15:37,Thi-ma,ผมใส่ใหโรบี้นนะตอนเล่นทีมเฮ้อต้า
21/1/2025 15:37,RezzaOO,ห้องบนสำหรับคนไม่มีตัวตีหมู่ เล่นตัวไรดีฮะ ห้องล่างเป็น brake FF เหลือตี้5 ดาวเป็น FUA หมูช็อคชิบ
21/1/2025 15:37,NATO​ WORD​,บ่ต่างมากนะ
21/1/2025 15:37,Xera,Lc อาไกอา พูดได้ยังครับอยากถามลุง
21/1/2025 15:37,Gorumo,เห็นลุงฮูกจะไปตอบคำถามเกนชินใน ALT4 รอดูเลยครับ
21/1/2025 15:37,Kanawat C,lc อีเว้น หาจากไหนคับ
21/1/2025 15:38,Kirov Reporting,LC อันนี้สวยมากกกก
21/1/2025 15:38,Nioxxiz,มีนาดีมั่ก แต่หายาก5555
21/1/2025 15:38,Tar,รอขัด5 เดี๋ยวเปลี่ยน
21/1/2025 15:38,MrR4ts,@Xera พูดไม่ได้ครับ
21/1/2025 15:38,DL Jinniez,Lc นี้เล่นคู่ชันเดย์ป้ะ
21/1/2025 15:38,NATO​ WORD​,LCเเลก หาง่ายกว่า ขัด5ง่ายด้วย
21/1/2025 15:38,Kanashi_Rose,เรา ยัง ไม่ พูด ถึง ตัว ที่ ยัง ไม่ เข้า ตู้ ครับ
21/1/2025 15:38,Tusave โอกาเนะ,อยากได้เลขขาวใหญ่ๆ 
21/1/2025 15:38,Kirov Reporting,ใส่เพราะเก่ง ไม่ ใส่เพราะสวย ใช่ 555
21/1/2025 15:39,NATO​ WORD​,มีนาดีกว่าก็จริง เเต่ต้องเปิดหา
21/1/2025 15:39,Neo DarkSaber,เดี๋ยวลองถามพจดู
21/1/2025 15:39,GaiAz,แปลว่ากับทีมท่านHerta RMC ดีกว่า โรบิ้น หลักๆเพราะ(ฟรี)
21/1/2025 15:39,Tassapol,astra Yao ลุงทำไหมครับ
21/1/2025 15:39,Kirov Reporting,ขอยืม footage หรือ ยืมไอดีเหรอ
21/1/2025 15:40,Tusave โอกาเนะ,เราต้องทำภาษาอันกฤษแล้วละ
21/1/2025 15:40,Neo DarkSaber,เห็นพจบอกมีเรื่องแยกโควต้าอยู่วันนี้
21/1/2025 15:40,Kirov Reporting,เราต้องผมทองละปะ
21/1/2025 15:40,NATO​ WORD​,พจ. aoz ทำไวมาก
21/1/2025 15:40,Copter,ผิดสัญญานะ
21/1/2025 15:40,Venzellist,ผิดกฏนะครับ....
21/1/2025 15:40,Tar,พรุ่งนี้zzzตู้เข้ากี่โมงนะแชท
21/1/2025 15:40,Kirov Reporting,อ่าๆ ผมก็สงสัยว่ามันผิดไม่ใช่เหรอ 555
21/1/2025 15:40,Boy-T,ทำไมลุงไม่ได้
21/1/2025 15:40,Tusave โอกาเนะ,ยืมไปลองเล่น ไม่ต้องอัดคลิปก้พอได้อยู่มั้งลุง
21/1/2025 15:40,Yai,มีช่องไหนได้ server test asta yao ไหมจะไปดู
21/1/2025 15:40,Oat anks,ไม่นะครับ
21/1/2025 15:41,Kirov Reporting,กฏการให้ CC เริ่มแปลกๆ
21/1/2025 15:41,Dodorothy,นอยอะทำไมลุงไม่ได้ งง
21/1/2025 15:41,Mina 🐧💙,งงเลย
21/1/2025 15:41,Dozer,5.55556E+11
21/1/2025 15:41,Meliodas,zzzไม่เหนนะ
21/1/2025 15:41,Tusave โอกาเนะ,ลุงต้องอี้มลมาตามละ
21/1/2025 15:41,LeOOZ l_l,ยังไม่เห็นคลิปyao
21/1/2025 15:41,Tassapol,พอดีผมตั้งใจรอลุงทำcreative server เลยย555
21/1/2025 15:41,Dodorothy,นอย
21/1/2025 15:41,Tusave โอกาเนะ,เราเน้นลูกตื้ออยู่ละ
21/1/2025 15:41,Copter,หวังว่าที่ตอนนี้ไม่ได้จะเป็นแค่เพราะเขาวุ่นวายกับการปรับเปลี่ยนภายในเลยยังไม่ค่อยได้
21/1/2025 15:42,Kirov Reporting,ไม่มีปัญหาๆ
21/1/2025 15:42,Dozer,รอได้ครับลุง
21/1/2025 15:42,Kirov Reporting,ให้เวลาลุงทำดีกว่าๆ
21/1/2025 15:42,ไอนาย,เอาหน่า แต่ก่อนมีไม่มีเราก็อยู่มาได้้
21/1/2025 15:42,NATO​ WORD​,รอลุงเช็ค
21/1/2025 15:42,เหม๋ยซือรี่🌈🎏,ลุงเทสจบไปละอ่อ
21/1/2025 15:42,dtoqt,yao เงียบจัด
21/1/2025 15:42,E Ron musk,ฮูโอ่ ฮูโอ่ 55555
21/1/2025 15:42,DL Jinniez,พักผ่อนๆลุงง ฝันดีค่ะ หายไวๆน้าา
21/1/2025 15:42,Mina 🐧💙,ฝันดีครับพี่
21/1/2025 15:42,HookHuukGaming,https://www.youtube.com/watch?v=Fw4Du...
21/1/2025 15:43,Copter,555555
21/1/2025 15:43,Kirov Reporting,บะบุยยย
21/1/2025 15:43,Yai,เค ไปดูก่อนนะครับ
21/1/2025 15:43,Kanashi_Rose,:_HHHappy: :_HHHappy:
21/1/2025 15:43,CuteCop 1612,บะบุยครับลุง เจอกันค้าบบบ
21/1/2025 15:43,Peedee200,:_HHSleepy: :_HHSleepy: :_HHSleepy:
21/1/2025 15:43,TerFierRax,ขึ้น POE2 ไหมครับ
21/1/2025 15:43,Nioxxiz,เกนชินก็แก้ละใช่มะพี่
21/1/2025 15:43,Copter,ตอนนี้ให้ลุงพักเหอะครับ
21/1/2025 15:43,Toy,ลุงจะกลับมาไลฟ์ overwatch เมื่อไหร่ครับ
21/1/2025 15:43,Kirov Reporting,แก้ทุกเกมใช่ไหมลุง
21/1/2025 15:44,GuyKung.,อยากดูร่างมืดเกนชินครับลุง555
21/1/2025 15:44,Kanashi_Rose,พักก่อน อยากให้ลุงพักผ่อน
21/1/2025 15:44,เหม๋ยซือรี่🌈🎏,ก้อบอกแล้ว เดี๋ยวก้อเป้นแบบฝันหนูหรอก
21/1/2025 15:44,Xe_OnNide,พักผ่อนเยอะๆนะครับลุง
21/1/2025 15:44,Kirov Reporting,บุยๆ
21/1/2025 15:44,MMexxn.,ฝันดีคับลุง
21/1/2025 15:44,AluviZ,บั๊ย
21/1/2025 15:44,Kanashi_Rose,ฝันดีครับบ
21/1/2025 15:44,Cnx Cnx,บาย
